,index,movie title,release date,unknown,Action,Adventure,Animation,Children's,Comedy,Crime,Documentary,Drama,Fantasy,Film-Noir,Horror,Musical,Mystery,Romance,Sci-Fi,Thriller,War,Western
0,0,Toy Story (1995),01-Jan-1995,0,0,0,1,1,1,0,0,0,0,0,0,0,0,0,0,0,0,0
1,1,GoldenEye (1995),01-Jan-1995,0,1,1,0,0,0,0,0,0,0,0,0,0,0,0,0,1,0,0
2,2,Four Rooms (1995),01-Jan-1995,0,0,0,0,0,0,0,0,0,0,0,0,0,0,0,0,1,0,0
3,3,Get Shorty (1995),01-Jan-1995,0,1,0,0,0,1,0,0,1,0,0,0,0,0,0,0,0,0,0
4,4,Copycat (1995),01-Jan-1995,0,0,0,0,0,0,1,0,1,0,0,0,0,0,0,0,1,0,0
5,5,Shanghai Triad (Yao a yao yao dao waipo qiao) (1995),01-Jan-1995,0,0,0,0,0,0,0,0,1,0,0,0,0,0,0,0,0,0,0
6,6,Twelve Monkeys (1995),01-Jan-1995,0,0,0,0,0,0,0,0,1,0,0,0,0,0,0,1,0,0,0
7,7,Babe (1995),01-Jan-1995,0,0,0,0,1,1,0,0,1,0,0,0,0,0,0,0,0,0,0
8,8,Dead Man Walking (1995),01-Jan-1995,0,0,0,0,0,0,0,0,1,0,0,0,0,0,0,0,0,0,0
9,9,Richard III (1995),22-Jan-1996,0,0,0,0,0,0,0,0,1,0,0,0,0,0,0,0,0,1,0
10,10,Seven (Se7en) (1995),01-Jan-1995,0,0,0,0,0,0,1,0,0,0,0,0,0,0,0,0,1,0,0
11,11,"Usual Suspects, The (1995)",14-Aug-1995,0,0,0,0,0,0,1,0,0,0,0,0,0,0,0,0,1,0,0
12,12,Mighty Aphrodite (1995),30-Oct-1995,0,0,0,0,0,1,0,0,0,0,0,0,0,0,0,0,0,0,0
13,13,"Postino, Il (1994)",01-Jan-1994,0,0,0,0,0,0,0,0,1,0,0,0,0,0,1,0,0,0,0
14,14,Mr. Holland's Opus (1995),29-Jan-1996,0,0,0,0,0,0,0,0,1,0,0,0,0,0,0,0,0,0,0
15,15,French Twist (Gazon maudit) (1995),01-Jan-1995,0,0,0,0,0,1,0,0,0,0,0,0,0,0,1,0,0,0,0
16,16,From Dusk Till Dawn (1996),05-Feb-1996,0,1,0,0,0,1,1,0,0,0,0,1,0,0,0,0,1,0,0
18,17,Antonia's Line (1995),01-Jan-1995,0,0,0,0,0,0,0,0,1,0,0,0,0,0,0,0,0,0,0
19,18,Angels and Insects (1995),01-Jan-1995,0,0,0,0,0,0,0,0,1,0,0,0,0,0,1,0,0,0,0
20,19,Muppet Treasure Island (1996),16-Feb-1996,0,1,1,0,0,1,0,0,0,0,0,0,1,0,0,0,1,0,0
21,20,Braveheart (1995),16-Feb-1996,0,1,0,0,0,0,0,0,1,0,0,0,0,0,0,0,0,1,0
22,21,Taxi Driver (1976),16-Feb-1996,0,0,0,0,0,0,0,0,1,0,0,0,0,0,0,0,1,0,0
23,22,Rumble in the Bronx (1995),23-Feb-1996,0,1,1,0,0,0,1,0,0,0,0,0,0,0,0,0,0,0,0
24,23,"Birdcage, The (1996)",08-Mar-1996,0,0,0,0,0,1,0,0,0,0,0,0,0,0,0,0,0,0,0
25,24,"Brothers McMullen, The (1995)",01-Jan-1995,0,0,0,0,0,1,0,0,0,0,0,0,0,0,0,0,0,0,0
26,25,Bad Boys (1995),01-Jan-1995,0,1,0,0,0,0,0,0,0,0,0,0,0,0,0,0,0,0,0
27,26,Apollo 13 (1995),01-Jan-1995,0,1,0,0,0,0,0,0,1,0,0,0,0,0,0,0,1,0,0
28,27,Batman Forever (1995),01-Jan-1995,0,1,1,0,0,1,1,0,0,0,0,0,0,0,0,0,0,0,0
29,28,Belle de jour (1967),01-Jan-1967,0,0,0,0,0,0,0,0,1,0,0,0,0,0,0,0,0,0,0
30,29,Crimson Tide (1995),01-Jan-1995,0,0,0,0,0,0,0,0,1,0,0,0,0,0,0,0,1,1,0
31,30,Crumb (1994),01-Jan-1994,0,0,0,0,0,0,0,1,0,0,0,0,0,0,0,0,0,0,0
32,31,Desperado (1995),01-Jan-1995,0,1,0,0,0,0,0,0,0,0,0,0,0,0,1,0,1,0,0
37,32,"Net, The (1995)",01-Jan-1995,0,0,0,0,0,0,0,0,0,0,0,0,0,0,0,1,1,0,0
38,33,Strange Days (1995),01-Jan-1995,0,1,0,0,0,0,1,0,0,0,0,0,0,0,0,1,0,0,0
39,34,"To Wong Foo, Thanks for Everything! Julie Newmar (1995)",01-Jan-1995,0,0,0,0,0,1,0,0,0,0,0,0,0,0,0,0,0,0,0
40,35,Billy Madison (1995),01-Jan-1995,0,0,0,0,0,1,0,0,0,0,0,0,0,0,0,0,0,0,0
41,36,Clerks (1994),01-Jan-1994,0,0,0,0,0,1,0,0,0,0,0,0,0,0,0,0,0,0,0
42,37,Disclosure (1994),01-Jan-1994,0,0,0,0,0,0,0,0,1,0,0,0,0,0,0,0,1,0,0
43,38,Dolores Claiborne (1994),01-Jan-1994,0,0,0,0,0,0,0,0,1,0,0,0,0,0,0,0,1,0,0
44,39,Eat Drink Man Woman (1994),01-Jan-1994,0,0,0,0,0,1,0,0,1,0,0,0,0,0,0,0,0,0,0
45,40,Exotica (1994),01-Jan-1994,0,0,0,0,0,0,0,0,1,0,0,0,0,0,0,0,0,0,0
46,41,Ed Wood (1994),01-Jan-1994,0,0,0,0,0,1,0,0,1,0,0,0,0,0,0,0,0,0,0
47,42,Hoop Dreams (1994),01-Jan-1994,0,0,0,0,0,0,0,1,0,0,0,0,0,0,0,0,0,0,0
48,43,I.Q. (1994),01-Jan-1994,0,0,0,0,0,1,0,0,0,0,0,0,0,0,1,0,0,0,0
49,44,Star Wars (1977),01-Jan-1977,0,1,1,0,0,0,0,0,0,0,0,0,0,0,1,1,0,1,0
50,45,Legends of the Fall (1994),01-Jan-1994,0,0,0,0,0,0,0,0,1,0,0,0,0,0,1,0,0,1,1
51,46,"Madness of King George, The (1994)",01-Jan-1994,0,0,0,0,0,0,0,0,1,0,0,0,0,0,0,0,0,0,0
52,47,Natural Born Killers (1994),01-Jan-1994,0,1,0,0,0,0,0,0,0,0,0,0,0,0,0,0,1,0,0
53,48,Outbreak (1995),01-Jan-1995,0,1,0,0,0,0,0,0,1,0,0,0,0,0,0,0,1,0,0
54,49,"Professional, The (1994)",01-Jan-1994,0,0,0,0,0,0,1,0,1,0,0,0,0,0,1,0,1,0,0
55,50,Pulp Fiction (1994),01-Jan-1994,0,0,0,0,0,0,1,0,1,0,0,0,0,0,0,0,0,0,0
56,51,Priest (1994),01-Jan-1994,0,0,0,0,0,0,0,0,1,0,0,0,0,0,0,0,0,0,0
57,52,Quiz Show (1994),01-Jan-1994,0,0,0,0,0,0,0,0,1,0,0,0,0,0,0,0,0,0,0
58,53,Three Colors: Red (1994),01-Jan-1994,0,0,0,0,0,0,0,0,1,0,0,0,0,0,0,0,0,0,0
59,54,Three Colors: Blue (1993),01-Jan-1993,0,0,0,0,0,0,0,0,1,0,0,0,0,0,0,0,0,0,0
60,55,Three Colors: White (1994),01-Jan-1994,0,0,0,0,0,0,0,0,1,0,0,0,0,0,0,0,0,0,0
61,56,Stargate (1994),01-Jan-1994,0,1,1,0,0,0,0,0,0,0,0,0,0,0,0,1,0,0,0
62,57,"Santa Clause, The (1994)",01-Jan-1994,0,0,0,0,1,1,0,0,0,0,0,0,0,0,0,0,0,0,0
63,58,"Shawshank Redemption, The (1994)",01-Jan-1994,0,0,0,0,0,0,0,0,1,0,0,0,0,0,0,0,0,0,0
64,59,What's Eating Gilbert Grape (1993),01-Jan-1993,0,0,0,0,0,1,0,0,1,0,0,0,0,0,0,0,0,0,0
65,60,While You Were Sleeping (1995),01-Jan-1995,0,0,0,0,0,1,0,0,0,0,0,0,0,0,1,0,0,0,0
66,61,Ace Ventura: Pet Detective (1994),01-Jan-1994,0,0,0,0,0,1,0,0,0,0,0,0,0,0,0,0,0,0,0
67,62,"Crow, The (1994)",01-Jan-1994,0,1,0,0,0,0,0,0,0,0,0,0,0,0,1,0,1,0,0
68,63,Forrest Gump (1994),01-Jan-1994,0,0,0,0,0,1,0,0,0,0,0,0,0,0,1,0,0,1,0
69,64,Four Weddings and a Funeral (1994),01-Jan-1994,0,0,0,0,0,1,0,0,0,0,0,0,0,0,1,0,0,0,0
70,65,"Lion King, The (1994)",01-Jan-1994,0,0,0,1,1,0,0,0,0,0,0,0,1,0,0,0,0,0,0
71,66,"Mask, The (1994)",01-Jan-1994,0,0,0,0,0,1,1,0,0,1,0,0,0,0,0,0,0,0,0
72,67,Maverick (1994),01-Jan-1994,0,1,0,0,0,1,0,0,0,0,0,0,0,0,0,0,0,0,1
75,68,Carlito's Way (1993),01-Jan-1993,0,0,0,0,0,0,1,0,1,0,0,0,0,0,0,0,0,0,0
76,69,"Firm, The (1993)",01-Jan-1993,0,0,0,0,0,0,0,0,1,0,0,0,0,0,0,0,1,0,0
78,70,"Fugitive, The (1993)",01-Jan-1993,0,1,0,0,0,0,0,0,0,0,0,0,0,0,0,0,1,0,0
79,71,Hot Shots! Part Deux (1993),01-Jan-1993,0,1,0,0,0,1,0,0,0,0,0,0,0,0,0,0,0,1,0
80,72,"Hudsucker Proxy, The (1994)",01-Jan-1994,0,0,0,0,0,1,0,0,0,0,0,0,0,0,1,0,0,0,0
81,73,Jurassic Park (1993),01-Jan-1993,0,1,1,0,0,0,0,0,0,0,0,0,0,0,0,1,0,0,0
82,74,Much Ado About Nothing (1993),01-Jan-1993,0,0,0,0,0,1,0,0,0,0,0,0,0,0,1,0,0,0,0
84,75,"Ref, The (1994)",01-Jan-1994,0,0,0,0,0,1,0,0,0,0,0,0,0,0,0,0,0,0,0
85,76,"Remains of the Day, The (1993)",01-Jan-1993,0,0,0,0,0,0,0,0,1,0,0,0,0,0,0,0,0,0,0
86,77,Searching for Bobby Fischer (1993),01-Jan-1993,0,0,0,0,0,0,0,0,1,0,0,0,0,0,0,0,0,0,0
87,78,Sleepless in Seattle (1993),01-Jan-1993,0,0,0,0,0,1,0,0,0,0,0,0,0,0,1,0,0,0,0
88,79,Blade Runner (1982),01-Jan-1982,0,0,0,0,0,0,0,0,0,0,1,0,0,0,0,1,0,0,0
89,80,So I Married an Axe Murderer (1993),01-Jan-1993,0,0,0,0,0,1,0,0,0,0,0,0,0,0,1,0,1,0,0
90,81,"Nightmare Before Christmas, The (1993)",01-Jan-1993,0,0,0,0,1,1,0,0,0,0,0,0,1,0,0,0,0,0,0
91,82,True Romance (1993),01-Jan-1993,0,1,0,0,0,0,1,0,0,0,0,0,0,0,1,0,0,0,0
92,83,Welcome to the Dollhouse (1995),24-May-1996,0,0,0,0,0,1,0,0,1,0,0,0,0,0,0,0,0,0,0
93,84,Home Alone (1990),01-Jan-1990,0,0,0,0,1,1,0,0,0,0,0,0,0,0,0,0,0,0,0
94,85,Aladdin (1992),01-Jan-1992,0,0,0,1,1,1,0,0,0,0,0,0,1,0,0,0,0,0,0
95,86,Terminator 2: Judgment Day (1991),01-Jan-1991,0,1,0,0,0,0,0,0,0,0,0,0,0,0,0,1,1,0,0
96,87,Dances with Wolves (1990),01-Jan-1990,0,0,1,0,0,0,0,0,1,0,0,0,0,0,0,0,0,0,1
97,88,"Silence of the Lambs, The (1991)",01-Jan-1991,0,0,0,0,0,0,0,0,1,0,0,0,0,0,0,0,1,0,0
98,89,Snow White and the Seven Dwarfs (1937),01-Jan-1937,0,0,0,1,1,0,0,0,0,0,0,0,1,0,0,0,0,0,0
99,90,Fargo (1996),14-Feb-1997,0,0,0,0,0,0,1,0,1,0,0,0,0,0,0,0,1,0,0
100,91,Heavy Metal (1981),08-Mar-1981,0,1,1,1,0,0,0,0,0,0,0,1,0,0,0,1,0,0,0
101,92,"Aristocats, The (1970)",01-Jan-1970,0,0,0,1,1,0,0,0,0,0,0,0,0,0,0,0,0,0,0
104,93,Sgt. Bilko (1996),29-Mar-1996,0,0,0,0,0,1,0,0,0,0,0,0,0,0,0,0,0,0,0
105,94,Diabolique (1996),01-Jan-1996,0,0,0,0,0,0,0,0,1,0,0,0,0,0,0,0,1,0,0
106,95,Moll Flanders (1996),14-Jun-1996,0,0,0,0,0,0,0,0,1,0,0,0,0,0,0,0,0,0,0
107,96,Kids in the Hall: Brain Candy (1996),12-Apr-1996,0,0,0,0,0,1,0,0,0,0,0,0,0,0,0,0,0,0,0
108,97,Mystery Science Theater 3000: The Movie (1996),19-Apr-1996,0,0,0,0,0,1,0,0,0,0,0,0,0,0,0,1,0,0,0
110,98,"Truth About Cats & Dogs, The (1996)",26-Apr-1996,0,0,0,0,0,1,0,0,0,0,0,0,0,0,1,0,0,0,0
113,99,Wallace & Gromit: The Best of Aardman Animation (1996),05-Apr-1996,0,0,0,1,0,0,0,0,0,0,0,0,0,0,0,0,0,0,0
115,100,Cold Comfort Farm (1995),23-Apr-1996,0,0,0,0,0,1,0,0,0,0,0,0,0,0,0,0,0,0,0
116,101,"Rock, The (1996)",07-Jun-1996,0,1,1,0,0,0,0,0,0,0,0,0,0,0,0,0,1,0,0
117,102,Twister (1996),10-May-1996,0,1,1,0,0,0,0,0,0,0,0,0,0,0,0,0,1,0,0
119,103,Striptease (1996),28-Jun-1996,0,0,0,0,0,1,1,0,0,0,0,0,0,0,0,0,0,0,0
120,104,Independence Day (ID4) (1996),03-Jul-1996,0,1,0,0,0,0,0,0,0,0,0,0,0,0,0,1,0,1,0
121,105,"Cable Guy, The (1996)",14-Jun-1996,0,0,0,0,0,1,0,0,0,0,0,0,0,0,0,0,0,0,0
122,106,"Frighteners, The (1996)",19-Jul-1996,0,0,0,0,0,1,0,0,0,0,0,1,0,0,0,0,0,0,0
123,107,Lone Star (1996),21-Jun-1996,0,0,0,0,0,0,0,0,1,0,0,0,0,1,0,0,0,0,0
124,108,Phenomenon (1996),29-Jun-1996,0,0,0,0,0,0,0,0,1,0,0,0,0,0,1,0,0,0,0
125,109,"Spitfire Grill, The (1996)",06-Sep-1996,0,0,0,0,0,0,0,0,1,0,0,0,0,0,0,0,0,0,0
126,110,"Godfather, The (1972)",01-Jan-1972,0,1,0,0,0,0,1,0,1,0,0,0,0,0,0,0,0,0,0
127,111,Supercop (1992),26-Jul-1996,0,1,0,0,0,0,0,0,0,0,0,0,0,0,0,0,1,0,0
128,112,Bound (1996),04-Oct-1996,0,0,0,0,0,0,1,0,1,0,0,0,0,0,1,0,1,0,0
130,113,Breakfast at Tiffany's (1961),01-Jan-1961,0,0,0,0,0,0,0,0,1,0,0,0,0,0,1,0,0,0,0
131,114,"Wizard of Oz, The (1939)",01-Jan-1939,0,0,1,0,1,0,0,0,1,0,0,0,1,0,0,0,0,0,0
132,115,Gone with the Wind (1939),01-Jan-1939,0,0,0,0,0,0,0,0,1,0,0,0,0,0,1,0,0,1,0
133,116,Citizen Kane (1941),01-Jan-1941,0,0,0,0,0,0,0,0,1,0,0,0,0,0,0,0,0,0,0
134,117,2001: A Space Odyssey (1968),01-Jan-1968,0,0,0,0,0,0,0,0,1,0,0,0,0,1,0,1,1,0,0
135,118,Mr. Smith Goes to Washington (1939),01-Jan-1939,0,0,0,0,0,0,0,0,1,0,0,0,0,0,0,0,0,0,0
136,119,Big Night (1996),20-Sep-1996,0,0,0,0,0,0,0,0,1,0,0,0,0,0,0,0,0,0,0
138,120,"Love Bug, The (1969)",01-Jan-1969,0,0,0,0,1,1,0,0,0,0,0,0,0,0,0,0,0,0,0
139,121,Homeward Bound: The Incredible Journey (1993),01-Jan-1993,0,0,1,0,1,0,0,0,0,0,0,0,0,0,0,0,0,0,0
140,122,"20,000 Leagues Under the Sea (1954)",01-Jan-1954,0,0,1,0,1,0,0,0,0,1,0,0,0,0,0,1,0,0,0
141,123,Bedknobs and Broomsticks (1971),01-Jan-1971,0,0,1,0,1,0,0,0,0,0,0,0,1,0,0,0,0,0,0
142,124,"Sound of Music, The (1965)",01-Jan-1965,0,0,0,0,0,0,0,0,0,0,0,0,1,0,0,0,0,0,0
143,125,Die Hard (1988),01-Jan-1988,0,1,0,0,0,0,0,0,0,0,0,0,0,0,0,0,1,0,0
144,126,"Lawnmower Man, The (1992)",01-Jan-1992,0,1,0,0,0,0,0,0,0,0,0,0,0,0,0,1,1,0,0
146,127,"Long Kiss Goodnight, The (1996)",05-Oct-1996,0,1,0,0,0,0,0,0,0,0,0,0,0,0,0,0,1,0,0
147,128,"Ghost and the Darkness, The (1996)",11-Oct-1996,0,1,1,0,0,0,0,0,0,0,0,0,0,0,0,0,0,0,0
149,129,Swingers (1996),18-Oct-1996,0,0,0,0,0,1,0,0,1,0,0,0,0,0,0,0,0,0,0
150,130,Willy Wonka and the Chocolate Factory (1971),01-Jan-1971,0,0,1,0,1,1,0,0,0,0,0,0,0,0,0,0,0,0,0
151,131,Sleeper (1973),01-Jan-1973,0,0,0,0,0,1,0,0,0,0,0,0,0,0,0,1,0,0,0
152,132,"Fish Called Wanda, A (1988)",01-Jan-1988,0,0,0,0,0,1,0,0,0,0,0,0,0,0,0,0,0,0,0
153,133,Monty Python's Life of Brian (1979),01-Jan-1979,0,0,0,0,0,1,0,0,0,0,0,0,0,0,0,0,0,0,0
154,134,Dirty Dancing (1987),01-Jan-1987,0,0,0,0,0,0,0,0,0,0,0,0,1,0,1,0,0,0,0
155,135,Reservoir Dogs (1992),01-Jan-1992,0,0,0,0,0,0,1,0,0,0,0,0,0,0,0,0,1,0,0
156,136,Platoon (1986),01-Jan-1986,0,0,0,0,0,0,0,0,1,0,0,0,0,0,0,0,0,1,0
157,137,Weekend at Bernie's (1989),01-Jan-1989,0,0,0,0,0,1,0,0,0,0,0,0,0,0,0,0,0,0,0
158,138,Basic Instinct (1992),01-Jan-1992,0,0,0,0,0,0,0,0,0,0,0,0,0,1,0,0,1,0,0
159,139,Glengarry Glen Ross (1992),01-Jan-1992,0,0,0,0,0,0,0,0,1,0,0,0,0,0,0,0,0,0,0
160,140,Top Gun (1986),01-Jan-1986,0,1,0,0,0,0,0,0,0,0,0,0,0,0,1,0,0,0,0
161,141,On Golden Pond (1981),01-Jan-1981,0,0,0,0,0,0,0,0,1,0,0,0,0,0,0,0,0,0,0
162,142,"Return of the Pink Panther, The (1974)",01-Jan-1974,0,0,0,0,0,1,0,0,0,0,0,0,0,0,0,0,0,0,0
163,143,"Abyss, The (1989)",01-Jan-1989,0,1,1,0,0,0,0,0,0,0,0,0,0,0,0,1,1,0,0
164,144,Jean de Florette (1986),01-Jan-1986,0,0,0,0,0,0,0,0,1,0,0,0,0,0,0,0,0,0,0
165,145,Manon of the Spring (Manon des sources) (1986),01-Jan-1986,0,0,0,0,0,0,0,0,1,0,0,0,0,0,0,0,0,0,0
166,146,Private Benjamin (1980),01-Jan-1980,0,0,0,0,0,1,0,0,0,0,0,0,0,0,0,0,0,0,0
167,147,Monty Python and the Holy Grail (1974),01-Jan-1974,0,0,0,0,0,1,0,0,0,0,0,0,0,0,0,0,0,0,0
168,148,"Wrong Trousers, The (1993)",01-Jan-1993,0,0,0,1,0,1,0,0,0,0,0,0,0,0,0,0,0,0,0
169,149,Cinema Paradiso (1988),01-Jan-1988,0,0,0,0,0,1,0,0,1,0,0,0,0,0,1,0,0,0,0
170,150,Delicatessen (1991),01-Jan-1991,0,0,0,0,0,1,0,0,0,0,0,0,0,0,0,1,0,0,0
171,151,"Empire Strikes Back, The (1980)",01-Jan-1980,0,1,1,0,0,0,0,0,1,0,0,0,0,0,1,1,0,1,0
172,152,"Princess Bride, The (1987)",01-Jan-1987,0,1,1,0,0,1,0,0,0,0,0,0,0,0,1,0,0,0,0
173,153,Raiders of the Lost Ark (1981),01-Jan-1981,0,1,1,0,0,0,0,0,0,0,0,0,0,0,0,0,0,0,0
174,154,Brazil (1985),01-Jan-1985,0,0,0,0,0,0,0,0,0,0,0,0,0,0,0,1,0,0,0
175,155,Aliens (1986),01-Jan-1986,0,1,0,0,0,0,0,0,0,0,0,0,0,0,0,1,1,1,0
176,156,"Good, The Bad and The Ugly, The (1966)",01-Jan-1966,0,1,0,0,0,0,0,0,0,0,0,0,0,0,0,0,0,0,1
177,157,12 Angry Men (1957),01-Jan-1957,0,0,0,0,0,0,0,0,1,0,0,0,0,0,0,0,0,0,0
178,158,"Clockwork Orange, A (1971)",01-Jan-1971,0,0,0,0,0,0,0,0,0,0,0,0,0,0,0,1,0,0,0
179,159,Apocalypse Now (1979),01-Jan-1979,0,0,0,0,0,0,0,0,1,0,0,0,0,0,0,0,0,1,0
180,160,Return of the Jedi (1983),14-Mar-1997,0,1,1,0,0,0,0,0,0,0,0,0,0,0,1,1,0,1,0
181,161,GoodFellas (1990),01-Jan-1990,0,0,0,0,0,0,1,0,1,0,0,0,0,0,0,0,0,0,0
182,162,Alien (1979),01-Jan-1979,0,1,0,0,0,0,0,0,0,0,0,1,0,0,0,1,1,0,0
183,163,Army of Darkness (1993),01-Jan-1993,0,1,1,0,0,1,0,0,0,0,0,1,0,0,0,1,0,0,0
184,164,Psycho (1960),01-Jan-1960,0,0,0,0,0,0,0,0,0,0,0,1,0,0,1,0,1,0,0
185,165,"Blues Brothers, The (1980)",01-Jan-1980,0,1,0,0,0,1,0,0,0,0,0,0,1,0,0,0,0,0,0
186,166,"Godfather: Part II, The (1974)",01-Jan-1974,0,1,0,0,0,0,1,0,1,0,0,0,0,0,0,0,0,0,0
187,167,Full Metal Jacket (1987),01-Jan-1987,0,1,0,0,0,0,0,0,1,0,0,0,0,0,0,0,0,1,0
188,168,"Grand Day Out, A (1992)",01-Jan-1992,0,0,0,1,0,1,0,0,0,0,0,0,0,0,0,0,0,0,0
189,169,Henry V (1989),01-Jan-1989,0,0,0,0,0,0,0,0,1,0,0,0,0,0,0,0,0,1,0
190,170,Amadeus (1984),01-Jan-1984,0,0,0,0,0,0,0,0,1,0,0,0,0,1,0,0,0,0,0
191,171,Raging Bull (1980),01-Jan-1980,0,0,0,0,0,0,0,0,1,0,0,0,0,0,0,0,0,0,0
192,172,"Right Stuff, The (1983)",01-Jan-1983,0,0,0,0,0,0,0,0,1,0,0,0,0,0,0,0,0,0,0
193,173,"Sting, The (1973)",01-Jan-1973,0,0,0,0,0,1,1,0,0,0,0,0,0,0,0,0,0,0,0
194,174,"Terminator, The (1984)",01-Jan-1984,0,1,0,0,0,0,0,0,0,0,0,0,0,0,0,1,1,0,0
195,175,Dead Poets Society (1989),01-Jan-1989,0,0,0,0,0,0,0,0,1,0,0,0,0,0,0,0,0,0,0
196,176,"Graduate, The (1967)",01-Jan-1967,0,0,0,0,0,0,0,0,1,0,0,0,0,0,1,0,0,0,0
197,177,Nikita (La Femme Nikita) (1990),01-Jan-1990,0,0,0,0,0,0,0,0,0,0,0,0,0,0,0,0,1,0,0
198,178,"Bridge on the River Kwai, The (1957)",01-Jan-1957,0,0,0,0,0,0,0,0,1,0,0,0,0,0,0,0,0,1,0
199,179,"Shining, The (1980)",01-Jan-1980,0,0,0,0,0,0,0,0,0,0,0,1,0,0,0,0,0,0,0
200,180,Evil Dead II (1987),01-Jan-1987,0,1,1,0,0,1,0,0,0,0,0,1,0,0,0,0,0,0,0
201,181,Groundhog Day (1993),01-Jan-1993,0,0,0,0,0,1,0,0,0,0,0,0,0,0,1,0,0,0,0
202,182,Unforgiven (1992),01-Jan-1992,0,0,0,0,0,0,0,0,0,0,0,0,0,0,0,0,0,0,1
203,183,Back to the Future (1985),01-Jan-1985,0,0,0,0,0,1,0,0,0,0,0,0,0,0,0,1,0,0,0
204,184,Patton (1970),01-Jan-1970,0,0,0,0,0,0,0,0,1,0,0,0,0,0,0,0,0,1,0
205,185,Akira (1988),01-Jan-1988,0,0,1,1,0,0,0,0,0,0,0,0,0,0,0,1,1,0,0
206,186,Cyrano de Bergerac (1990),01-Jan-1990,0,1,0,0,0,0,0,0,1,0,0,0,0,0,1,0,0,0,0
207,187,Young Frankenstein (1974),01-Jan-1974,0,0,0,0,0,1,0,0,0,0,0,1,0,0,0,0,0,0,0
208,188,This Is Spinal Tap (1984),01-Jan-1984,0,0,0,0,0,1,0,0,1,0,0,0,1,0,0,0,0,0,0
209,189,Indiana Jones and the Last Crusade (1989),01-Jan-1989,0,1,1,0,0,0,0,0,0,0,0,0,0,0,0,0,0,0,0
210,190,M*A*S*H (1970),01-Jan-1970,0,0,0,0,0,1,0,0,0,0,0,0,0,0,0,0,0,1,0
211,191,"Unbearable Lightness of Being, The (1988)",01-Jan-1988,0,0,0,0,0,0,0,0,1,0,0,0,0,0,0,0,0,0,0
212,192,"Room with a View, A (1986)",01-Jan-1986,0,0,0,0,0,0,0,0,1,0,0,0,0,0,1,0,0,0,0
213,193,Pink Floyd - The Wall (1982),01-Jan-1982,0,0,0,0,0,0,0,0,1,0,0,0,1,0,0,0,0,1,0
214,194,Field of Dreams (1989),01-Jan-1989,0,0,0,0,0,0,0,0,1,0,0,0,0,0,0,0,0,0,0
215,195,When Harry Met Sally... (1989),01-Jan-1989,0,0,0,0,0,1,0,0,0,0,0,0,0,0,1,0,0,0,0
216,196,Bram Stoker's Dracula (1992),01-Jan-1992,0,0,0,0,0,0,0,0,0,0,0,1,0,0,1,0,0,0,0
217,197,Cape Fear (1991),01-Jan-1991,0,0,0,0,0,0,0,0,0,0,0,0,0,0,0,0,1,0,0
218,198,"Nightmare on Elm Street, A (1984)",01-Jan-1984,0,0,0,0,0,0,0,0,0,0,0,1,0,0,0,0,0,0,0
219,199,"Mirror Has Two Faces, The (1996)",15-Nov-1996,0,0,0,0,0,1,0,0,0,0,0,0,0,0,1,0,0,0,0
220,200,Breaking the Waves (1996),15-Nov-1996,0,0,0,0,0,0,0,0,1,0,0,0,0,0,0,0,0,0,0
221,201,Star Trek: First Contact (1996),22-Nov-1996,0,1,1,0,0,0,0,0,0,0,0,0,0,0,0,1,0,0,0
222,202,Sling Blade (1996),22-Nov-1996,0,0,0,0,0,0,0,0,1,0,0,0,0,0,0,0,1,0,0
223,203,Ridicule (1996),27-Nov-1996,0,0,0,0,0,0,0,0,1,0,0,0,0,0,0,0,0,0,0
224,204,101 Dalmatians (1996),27-Nov-1996,0,0,0,0,1,1,0,0,0,0,0,0,0,0,0,0,0,0,0
225,205,Die Hard 2 (1990),01-Jan-1990,0,1,0,0,0,0,0,0,0,0,0,0,0,0,0,0,1,0,0
226,206,Star Trek VI: The Undiscovered Country (1991),01-Jan-1991,0,1,1,0,0,0,0,0,0,0,0,0,0,0,0,1,0,0,0
227,207,Star Trek: The Wrath of Khan (1982),01-Jan-1982,0,1,1,0,0,0,0,0,0,0,0,0,0,0,0,1,0,0,0
228,208,Star Trek III: The Search for Spock (1984),01-Jan-1984,0,1,1,0,0,0,0,0,0,0,0,0,0,0,0,1,0,0,0
229,209,Star Trek IV: The Voyage Home (1986),01-Jan-1986,0,1,1,0,0,0,0,0,0,0,0,0,0,0,0,1,0,0,0
230,210,Batman Returns (1992),01-Jan-1992,0,1,1,0,0,1,1,0,0,0,0,0,0,0,0,0,0,0,0
231,211,Young Guns (1988),01-Jan-1988,0,1,0,0,0,1,0,0,0,0,0,0,0,0,0,0,0,0,1
232,212,Under Siege (1992),01-Jan-1992,0,1,0,0,0,0,0,0,0,0,0,0,0,0,0,0,0,0,0
233,213,Jaws (1975),01-Jan-1975,0,1,0,0,0,0,0,0,0,0,0,1,0,0,0,0,0,0,0
234,214,Mars Attacks! (1996),13-Dec-1996,0,1,0,0,0,1,0,0,0,0,0,0,0,0,0,1,0,1,0
235,215,Citizen Ruth (1996),13-Dec-1996,0,0,0,0,0,1,0,0,1,0,0,0,0,0,0,0,0,0,0
236,216,Jerry Maguire (1996),13-Dec-1996,0,0,0,0,0,0,0,0,1,0,0,0,0,0,1,0,0,0,0
237,217,Raising Arizona (1987),01-Jan-1987,0,0,0,0,0,1,0,0,0,0,0,0,0,0,0,0,0,0,0
238,218,Sneakers (1992),01-Jan-1992,0,0,0,0,0,0,1,0,1,0,0,0,0,0,0,1,0,0,0
239,219,Beavis and Butt-head Do America (1996),20-Dec-1996,0,0,0,1,0,1,0,0,0,0,0,0,0,0,0,0,0,0,0
240,220,"Last of the Mohicans, The (1992)",01-Jan-1992,0,1,0,0,0,0,0,0,0,0,0,0,0,0,1,0,0,1,0
241,221,Kolya (1996),24-Jan-1997,0,0,0,0,0,1,0,0,0,0,0,0,0,0,0,0,0,0,0
242,222,Jungle2Jungle (1997),07-Mar-1997,0,0,0,0,1,1,0,0,0,0,0,0,0,0,0,0,0,0,0
243,223,Smilla's Sense of Snow (1997),14-Mar-1997,0,1,0,0,0,0,0,0,1,0,0,0,0,0,0,0,1,0,0
244,224,"Devil's Own, The (1997)",26-Mar-1997,0,1,0,0,0,0,0,0,1,0,0,0,0,0,0,0,1,1,0
245,225,Chasing Amy (1997),01-Jan-1997,0,0,0,0,0,0,0,0,1,0,0,0,0,0,1,0,0,0,0
247,226,Grosse Pointe Blank (1997),11-Apr-1997,0,0,0,0,0,1,1,0,0,0,0,0,0,0,0,0,0,0,0
248,227,Austin Powers: International Man of Mystery (1997),02-May-1997,0,0,0,0,0,1,0,0,0,0,0,0,0,0,0,0,0,0,0
249,228,"Fifth Element, The (1997)",09-May-1997,0,1,0,0,0,0,0,0,0,0,0,0,0,0,0,1,0,0,0
250,229,Shall We Dance? (1996),11-Jul-1997,0,0,0,0,0,1,0,0,0,0,0,0,0,0,0,0,0,0,0
251,230,"Lost World: Jurassic Park, The (1997)",23-May-1997,0,1,1,0,0,0,0,0,0,0,0,0,0,0,0,1,1,0,0
252,231,"Pillow Book, The (1995)",13-Jun-1997,0,0,0,0,0,0,0,0,1,0,0,0,0,0,1,0,0,0,0
253,232,Batman & Robin (1997),20-Jun-1997,0,1,1,0,0,0,1,0,0,0,0,0,0,0,0,0,0,0,0
254,233,My Best Friend's Wedding (1997),20-Jun-1997,0,0,0,0,0,1,0,0,0,0,0,0,0,0,1,0,0,0,0
256,234,Men in Black (1997),04-Jul-1997,0,1,1,0,0,1,0,0,0,0,0,0,0,0,0,1,0,0,0
257,235,Contact (1997),11-Jul-1997,0,0,0,0,0,0,0,0,1,0,0,0,0,0,0,1,0,0,0
258,236,George of the Jungle (1997),01-Jan-1997,0,0,0,0,1,1,0,0,0,0,0,0,0,0,0,0,0,0,0
259,237,Event Horizon (1997),01-Jan-1997,0,1,0,0,0,0,0,0,0,0,0,0,0,1,0,1,1,0,0
260,238,Air Bud (1997),01-Aug-1997,0,0,0,0,1,1,0,0,0,0,0,0,0,0,0,0,0,0,0
261,239,In the Company of Men (1997),01-Aug-1997,0,0,0,0,0,0,0,0,1,0,0,0,0,0,0,0,0,0,0
263,240,Mimic (1997),22-Aug-1997,0,0,0,0,0,0,0,0,0,0,0,0,0,0,0,1,1,0,0
264,241,"Hunt for Red October, The (1990)",01-Jan-1990,0,1,0,0,0,0,0,0,0,0,0,0,0,0,0,0,1,0,0
267,242,Chasing Amy (1997),01-Jan-1997,0,0,0,0,0,0,0,0,1,0,0,0,0,0,1,0,0,0,0
268,243,"Full Monty, The (1997)",01-Jan-1997,0,0,0,0,0,1,0,0,0,0,0,0,0,0,0,0,0,0,0
269,244,Gattaca (1997),01-Jan-1997,0,0,0,0,0,0,0,0,1,0,0,0,0,0,0,1,1,0,0
270,245,Starship Troopers (1997),01-Jan-1997,0,1,1,0,0,0,0,0,0,0,0,0,0,0,0,1,0,1,0
271,246,Good Will Hunting (1997),01-Jan-1997,0,0,0,0,0,0,0,0,1,0,0,0,0,0,0,0,0,0,0
272,247,Heat (1995),01-Jan-1995,0,1,0,0,0,0,1,0,0,0,0,0,0,0,0,0,1,0,0
273,248,Sabrina (1995),01-Jan-1995,0,0,0,0,0,1,0,0,0,0,0,0,0,0,1,0,0,0,0
274,249,Sense and Sensibility (1995),01-Jan-1995,0,0,0,0,0,0,0,0,1,0,0,0,0,0,1,0,0,0,0
275,250,Leaving Las Vegas (1995),01-Jan-1995,0,0,0,0,0,0,0,0,1,0,0,0,0,0,1,0,0,0,0
276,251,Restoration (1995),01-Jan-1995,0,0,0,0,0,0,0,0,1,0,0,0,0,0,0,0,0,0,0
277,252,Bed of Roses (1996),01-Jan-1996,0,0,0,0,0,0,0,0,1,0,0,0,0,0,1,0,0,0,0
278,253,Once Upon a Time... When We Were Colored (1995),01-Jan-1995,0,0,0,0,0,0,0,0,1,0,0,0,0,0,0,0,0,0,0
279,254,Up Close and Personal (1996),01-Mar-1996,0,0,0,0,0,0,0,0,1,0,0,0,0,0,1,0,0,0,0
280,255,"River Wild, The (1994)",01-Jan-1994,0,1,0,0,0,0,0,0,0,0,0,0,0,0,0,0,1,0,0
281,256,"Time to Kill, A (1996)",13-Jul-1996,0,0,0,0,0,0,0,0,1,0,0,0,0,0,0,0,0,0,0
282,257,Emma (1996),02-Aug-1996,0,0,0,0,0,0,0,0,1,0,0,0,0,0,1,0,0,0,0
283,258,Tin Cup (1996),16-Aug-1996,0,0,0,0,0,1,0,0,0,0,0,0,0,0,1,0,0,0,0
284,259,Secrets & Lies (1996),04-Oct-1996,0,0,0,0,0,0,0,0,1,0,0,0,0,0,0,0,0,0,0
285,260,"English Patient, The (1996)",15-Nov-1996,0,0,0,0,0,0,0,0,1,0,0,0,0,0,1,0,0,1,0
286,261,Marvin's Room (1996),18-Dec-1996,0,0,0,0,0,0,0,0,1,0,0,0,0,0,0,0,0,0,0
287,262,Scream (1996),20-Dec-1996,0,0,0,0,0,0,0,0,0,0,0,1,0,0,0,0,1,0,0
288,263,Evita (1996),25-Dec-1996,0,0,0,0,0,0,0,0,1,0,0,0,1,0,0,0,0,0,0
289,264,Fierce Creatures (1997),10-Jan-1997,0,0,0,0,0,1,0,0,0,0,0,0,0,0,0,0,0,0,0
290,265,Absolute Power (1997),14-Feb-1997,0,0,0,0,0,0,0,0,0,0,0,0,0,1,0,0,1,0,0
291,266,Rosewood (1997),21-Feb-1997,0,0,0,0,0,0,0,0,1,0,0,0,0,0,0,0,0,0,0
292,267,Donnie Brasco (1997),28-Feb-1997,0,0,0,0,0,0,1,0,1,0,0,0,0,0,0,0,0,0,0
293,268,Liar Liar (1997),21-Mar-1997,0,0,0,0,0,1,0,0,0,0,0,0,0,0,0,0,0,0,0
294,269,Breakdown (1997),02-May-1997,0,1,0,0,0,0,0,0,0,0,0,0,0,0,0,0,1,0,0
296,270,Ulee's Gold (1997),01-Jan-1997,0,0,0,0,0,0,0,0,1,0,0,0,0,0,0,0,0,0,0
297,271,Face/Off (1997),27-Jun-1997,0,1,0,0,0,0,0,0,0,0,0,0,0,0,0,1,1,0,0
298,272,Hoodlum (1997),22-Aug-1997,0,0,0,0,0,0,1,0,1,0,1,0,0,0,0,0,0,0,0
299,273,Air Force One (1997),01-Jan-1997,0,1,0,0,0,0,0,0,0,0,0,0,0,0,0,0,1,0,0
300,274,In & Out (1997),19-Sep-1997,0,0,0,0,0,1,0,0,0,0,0,0,0,0,0,0,0,0,0
301,275,L.A. Confidential (1997),01-Jan-1997,0,0,0,0,0,0,1,0,0,0,1,0,0,1,0,0,1,0,0
302,276,Ulee's Gold (1997),01-Jan-1997,0,0,0,0,0,0,0,0,1,0,0,0,0,0,0,0,0,0,0
303,277,Fly Away Home (1996),13-Sep-1996,0,0,1,0,1,0,0,0,0,0,0,0,0,0,0,0,0,0,0
304,278,"Ice Storm, The (1997)",01-Jan-1997,0,0,0,0,0,0,0,0,1,0,0,0,0,0,0,0,0,0,0
305,279,"Mrs. Brown (Her Majesty, Mrs. Brown) (1997)",01-Jan-1997,0,0,0,0,0,0,0,0,1,0,0,0,0,0,1,0,0,0,0
306,280,"Devil's Advocate, The (1997)",01-Jan-1997,0,0,0,0,0,0,1,0,0,0,0,1,0,1,0,0,1,0,0
307,281,FairyTale: A True Story (1997),01-Jan-1997,0,0,0,0,1,0,0,0,1,1,0,0,0,0,0,0,0,0,0
309,282,"Rainmaker, The (1997)",01-Jan-1997,0,0,0,0,0,0,0,0,1,0,0,0,0,0,0,0,0,0,0
310,283,"Wings of the Dove, The (1997)",01-Jan-1997,0,0,0,0,0,0,0,0,1,0,0,0,0,0,1,0,1,0,0
311,284,Midnight in the Garden of Good and Evil (1997),01-Jan-1997,0,0,0,0,0,1,1,0,1,0,0,0,0,1,0,0,0,0,0
312,285,Titanic (1997),01-Jan-1997,0,1,0,0,0,0,0,0,1,0,0,0,0,0,1,0,0,0,0
314,286,Apt Pupil (1998),23-Oct-1998,0,0,0,0,0,0,0,0,1,0,0,0,0,0,0,0,1,0,0
315,287,As Good As It Gets (1997),23-Dec-1997,0,0,0,0,0,1,0,0,1,0,0,0,0,0,0,0,0,0,0
316,288,In the Name of the Father (1993),01-Jan-1993,0,0,0,0,0,0,0,0,1,0,0,0,0,0,0,0,0,0,0
317,289,Schindler's List (1993),01-Jan-1993,0,0,0,0,0,0,0,0,1,0,0,0,0,0,0,0,0,1,0
318,290,Everyone Says I Love You (1996),06-Dec-1996,0,0,0,0,0,1,0,0,0,0,0,0,1,0,1,0,0,0,0
320,291,Mother (1996),25-Dec-1996,0,0,0,0,0,1,0,0,0,0,0,0,0,0,0,0,0,0,0
321,292,Murder at 1600 (1997),18-Apr-1997,0,0,0,0,0,0,0,0,0,0,0,0,0,1,0,0,1,0,0
322,293,Dante's Peak (1997),07-Feb-1997,0,1,0,0,0,0,0,0,0,0,0,0,0,0,0,0,1,0,0
323,294,Lost Highway (1997),21-Feb-1997,0,0,0,0,0,0,0,0,0,0,0,0,0,1,0,0,0,0,0
324,295,Crash (1996),21-Mar-1997,0,0,0,0,0,0,0,0,1,0,0,0,0,0,0,0,1,0,0
325,296,G.I. Jane (1997),01-Jan-1997,0,1,0,0,0,0,0,0,1,0,0,0,0,0,0,0,0,1,0
326,297,Cop Land (1997),01-Jan-1997,0,0,0,0,0,0,1,0,1,0,0,0,0,1,0,0,0,0,0
327,298,Conspiracy Theory (1997),08-Aug-1997,0,1,0,0,0,0,0,0,0,0,0,0,0,1,1,0,1,0,0
328,299,Desperate Measures (1998),30-Jan-1998,0,0,0,0,0,0,1,0,1,0,0,0,0,0,0,0,1,0,0
329,300,187 (1997),01-Jan-1997,0,0,0,0,0,0,0,0,1,0,0,0,0,0,0,0,0,0,0
330,301,"Edge, The (1997)",26-Sep-1997,0,0,1,0,0,0,0,0,0,0,0,0,0,0,0,0,1,0,0
331,302,Kiss the Girls (1997),01-Jan-1997,0,0,0,0,0,0,1,0,1,0,0,0,0,0,0,0,1,0,0
332,303,"Game, The (1997)",01-Jan-1997,0,0,0,0,0,0,0,0,0,0,0,0,0,1,0,0,1,0,0
333,304,U Turn (1997),01-Jan-1997,0,1,0,0,0,0,1,0,0,0,0,0,0,1,0,0,0,0,0
335,305,Playing God (1997),01-Jan-1997,0,0,0,0,0,0,1,0,0,0,0,0,0,0,0,0,1,0,0
337,306,Bean (1997),01-Jan-1997,0,0,0,0,0,1,0,0,0,0,0,0,0,0,0,0,0,0,0
338,307,Mad City (1997),01-Jan-1997,0,1,0,0,0,0,0,0,1,0,0,0,0,0,0,0,0,0,0
339,308,Boogie Nights (1997),01-Jan-1997,0,0,0,0,0,0,0,0,1,0,0,0,0,0,0,0,0,0,0
341,309,"Man Who Knew Too Little, The (1997)",01-Jan-1997,0,0,0,0,0,1,0,0,0,0,0,0,0,1,0,0,0,0,0
342,310,Alien: Resurrection (1997),01-Jan-1997,0,1,0,0,0,0,0,0,0,0,0,1,0,0,0,1,0,0,0
343,311,"Apostle, The (1997)",18-Dec-1997,0,0,0,0,0,0,0,0,1,0,0,0,0,0,0,0,0,0,0
344,312,Deconstructing Harry (1997),01-Jan-1997,0,0,0,0,0,1,0,0,1,0,0,0,0,0,0,0,0,0,0
345,313,Jackie Brown (1997),01-Jan-1997,0,0,0,0,0,0,1,0,1,0,0,0,0,0,0,0,0,0,0
346,314,Wag the Dog (1997),09-Jan-1998,0,0,0,0,0,1,0,0,1,0,0,0,0,0,0,0,0,0,0
347,315,Desperate Measures (1998),30-Jan-1998,0,0,0,0,0,0,1,0,1,0,0,0,0,0,0,0,1,0,0
348,316,Hard Rain (1998),16-Jan-1998,0,1,0,0,0,0,0,0,0,0,0,0,0,0,0,0,1,0,0
349,317,Fallen (1998),16-Jan-1998,0,1,0,0,0,0,0,0,0,0,0,0,0,1,0,0,1,0,0
353,318,"Wedding Singer, The (1998)",13-Feb-1998,0,0,0,0,0,1,0,0,0,0,0,0,0,0,1,0,0,0,0
354,319,Sphere (1998),13-Feb-1998,0,0,1,0,0,0,0,0,0,0,0,0,0,0,0,1,1,0,0
355,320,"Client, The (1994)",01-Jan-1994,0,0,0,0,0,0,0,0,1,0,0,0,0,1,0,0,1,0,0
356,321,One Flew Over the Cuckoo's Nest (1975),01-Jan-1975,0,0,0,0,0,0,0,0,1,0,0,0,0,0,0,0,0,0,0
357,322,Spawn (1997),01-Aug-1997,0,1,1,0,0,0,0,0,0,0,0,0,0,0,0,1,1,0,0
362,323,Sudden Death (1995),01-Jan-1995,0,1,0,0,0,0,0,0,0,0,0,0,0,0,0,0,0,0,0
363,324,Ace Ventura: When Nature Calls (1995),01-Jan-1995,0,0,0,0,0,1,0,0,0,0,0,0,0,0,0,0,0,0,0
364,325,Powder (1995),01-Jan-1995,0,0,0,0,0,0,0,0,1,0,0,0,0,0,0,0,0,0,0
365,326,Dangerous Minds (1995),01-Jan-1995,0,0,0,0,0,0,0,0,1,0,0,0,0,0,0,0,0,0,0
366,327,Clueless (1995),01-Jan-1995,0,0,0,0,0,1,0,0,0,0,0,0,0,0,0,0,0,0,0
368,328,Black Sheep (1996),02-Feb-1996,0,0,0,0,0,1,0,0,0,0,0,0,0,0,0,0,0,0,0
369,329,Mary Reilly (1996),23-Feb-1996,0,0,0,0,0,0,0,0,1,0,0,0,0,0,0,0,1,0,0
370,330,"Bridges of Madison County, The (1995)",09-Feb-1996,0,0,0,0,0,0,0,0,1,0,0,0,0,0,1,0,0,0,0
371,331,Jeffrey (1995),01-Jan-1995,0,0,0,0,0,1,0,0,0,0,0,0,0,0,0,0,0,0,0
372,332,Judge Dredd (1995),01-Jan-1995,0,1,1,0,0,0,0,0,0,0,0,0,0,0,0,1,0,0,0
377,333,Miracle on 34th Street (1994),01-Jan-1994,0,0,0,0,0,0,0,0,1,0,0,0,0,0,0,0,0,0,0
378,334,Tales From the Crypt Presents: Demon Knight (1995),01-Jan-1995,0,0,0,0,0,0,0,0,0,0,0,1,0,0,0,0,0,0,0
379,335,Star Trek: Generations (1994),01-Jan-1994,0,1,1,0,0,0,0,0,0,0,0,0,0,0,0,1,0,0,0
380,336,Muriel's Wedding (1994),01-Jan-1994,0,0,0,0,0,1,0,0,0,0,0,0,0,0,1,0,0,0,0
381,337,"Adventures of Priscilla, Queen of the Desert, The (1994)",01-Jan-1994,0,0,0,0,0,1,0,0,1,0,0,0,0,0,0,0,0,0,0
383,338,Naked Gun 33 1/3: The Final Insult (1994),01-Jan-1994,0,0,0,0,0,1,0,0,0,0,0,0,0,0,0,0,0,0,0
384,339,True Lies (1994),01-Jan-1994,0,1,1,0,0,1,0,0,0,0,0,0,0,0,1,0,0,0,0
385,340,Addams Family Values (1993),01-Jan-1993,0,0,0,0,0,1,0,0,0,0,0,0,0,0,0,0,0,0,0
386,341,"Age of Innocence, The (1993)",01-Jan-1993,0,0,0,0,0,0,0,0,1,0,0,0,0,0,0,0,0,0,0
388,342,Black Beauty (1994),01-Jan-1994,0,0,1,0,1,0,0,0,0,0,0,0,0,0,0,0,0,0,0
390,343,Last Action Hero (1993),01-Jan-1993,0,1,0,0,0,1,0,0,0,0,0,0,0,0,0,0,0,0,0
391,344,"Man Without a Face, The (1993)",01-Jan-1993,0,0,0,0,0,0,0,0,1,0,0,0,0,0,0,0,0,0,0
392,345,Mrs. Doubtfire (1993),01-Jan-1993,0,0,0,0,0,1,0,0,0,0,0,0,0,0,0,0,0,0,0
394,346,Robin Hood: Men in Tights (1993),01-Jan-1993,0,0,0,0,0,1,0,0,0,0,0,0,0,0,0,0,0,0,0
395,347,Serial Mom (1994),01-Jan-1994,0,0,0,0,0,1,1,0,0,0,0,1,0,0,0,0,0,0,0
398,348,"Three Musketeers, The (1993)",01-Jan-1993,0,1,1,0,0,1,0,0,0,0,0,0,0,0,0,0,0,0,0
400,349,"Brady Bunch Movie, The (1995)",01-Jan-1995,0,0,0,0,0,1,0,0,0,0,0,0,0,0,0,0,0,0,0
401,350,Ghost (1990),01-Jan-1990,0,0,0,0,0,1,0,0,0,0,0,0,0,0,1,0,1,0,0
402,351,Batman (1989),01-Jan-1989,0,1,1,0,0,0,1,0,1,0,0,0,0,0,0,0,0,0,0
403,352,Pinocchio (1940),01-Jan-1940,0,0,0,1,1,0,0,0,0,0,0,0,0,0,0,0,0,0,0
404,353,Mission: Impossible (1996),22-May-1996,0,1,1,0,0,0,0,0,0,0,0,0,0,1,0,0,0,0,0
405,354,Thinner (1996),25-Oct-1996,0,0,0,0,0,0,0,0,0,0,0,1,0,0,0,0,1,0,0
406,355,Spy Hard (1996),24-May-1996,0,0,0,0,0,1,0,0,0,0,0,0,0,0,0,0,0,0,0
407,356,"Close Shave, A (1995)",28-Apr-1996,0,0,0,1,0,1,0,0,0,0,0,0,0,0,0,0,1,0,0
408,357,Jack (1996),07-Aug-1996,0,0,0,0,0,1,0,0,1,0,0,0,0,0,0,0,0,0,0
409,358,Kingpin (1996),12-Jul-1996,0,0,0,0,0,1,0,0,0,0,0,0,0,0,0,0,0,0,0
410,359,"Nutty Professor, The (1996)",28-Jun-1996,0,0,0,0,0,1,0,0,0,1,0,0,0,0,1,1,0,0,0
411,360,"Very Brady Sequel, A (1996)",23-Aug-1996,0,0,0,0,0,1,0,0,0,0,0,0,0,0,0,0,0,0,0
412,361,Tales from the Crypt Presents: Bordello of Blood (1996),19-Jul-1996,0,0,0,0,0,0,0,0,0,0,0,1,0,0,0,0,0,0,0
413,362,My Favorite Year (1982),01-Jan-1982,0,0,0,0,0,1,0,0,0,0,0,0,0,0,0,0,0,0,0
415,363,Old Yeller (1957),01-Jan-1957,0,0,0,0,1,0,0,0,1,0,0,0,0,0,0,0,0,0,0
416,364,"Parent Trap, The (1961)",01-Jan-1961,0,0,0,0,1,0,0,0,1,0,0,0,0,0,0,0,0,0,0
417,365,Cinderella (1950),01-Jan-1950,0,0,0,1,1,0,0,0,0,0,0,0,1,0,0,0,0,0,0
418,366,Mary Poppins (1964),01-Jan-1964,0,0,0,0,1,1,0,0,0,0,0,0,1,0,0,0,0,0,0
419,367,Alice in Wonderland (1951),01-Jan-1951,0,0,0,1,1,0,0,0,0,0,0,0,1,0,0,0,0,0,0
420,368,William Shakespeare's Romeo and Juliet (1996),25-Oct-1996,0,0,0,0,0,0,0,0,1,0,0,0,0,0,1,0,0,0,0
422,369,E.T. the Extra-Terrestrial (1982),01-Jan-1982,0,0,0,0,1,0,0,0,1,1,0,0,0,0,0,1,0,0,0
424,370,Bob Roberts (1992),01-Jan-1992,0,0,0,0,0,1,0,0,0,0,0,0,0,0,0,0,0,0,0
425,371,"Transformers: The Movie, The (1986)",01-Jan-1986,0,1,0,1,1,0,0,0,0,0,0,0,0,0,0,1,1,1,0
426,372,To Kill a Mockingbird (1962),01-Jan-1962,0,0,0,0,0,0,0,0,1,0,0,0,0,0,0,0,0,0,0
427,373,Harold and Maude (1971),01-Jan-1971,0,0,0,0,0,1,0,0,0,0,0,0,0,0,0,0,0,0,0
428,374,"Day the Earth Stood Still, The (1951)",01-Jan-1951,0,0,0,0,0,0,0,0,1,0,0,0,0,0,0,1,0,0,0
429,375,Duck Soup (1933),01-Jan-1933,0,0,0,0,0,1,0,0,0,0,0,0,0,0,0,0,0,1,0
430,376,Highlander (1986),01-Jan-1986,0,1,1,0,0,0,0,0,0,0,0,0,0,0,0,0,0,0,0
431,377,Fantasia (1940),01-Jan-1940,0,0,0,1,1,0,0,0,0,0,0,0,1,0,0,0,0,0,0
432,378,Heathers (1989),01-Jan-1989,0,0,0,0,0,1,0,0,0,0,0,0,0,0,0,0,0,0,0
433,379,Forbidden Planet (1956),01-Jan-1956,0,0,0,0,0,0,0,0,0,0,0,0,0,0,0,1,0,0,0
434,380,Butch Cassidy and the Sundance Kid (1969),01-Jan-1969,0,1,0,0,0,1,0,0,0,0,0,0,0,0,0,0,0,0,1
435,381,"American Werewolf in London, An (1981)",01-Jan-1981,0,0,0,0,0,0,0,0,0,0,0,1,0,0,0,0,0,0,0
440,382,"Amityville Horror, The (1979)",01-Jan-1979,0,0,0,0,0,0,0,0,0,0,0,1,0,0,0,0,0,0,0
442,383,"Birds, The (1963)",01-Jan-1963,0,0,0,0,0,0,0,0,0,0,0,1,0,0,0,0,0,0,0
443,384,"Blob, The (1958)",01-Jan-1958,0,0,0,0,0,0,0,0,0,0,0,1,0,0,0,1,0,0,0
446,385,Carrie (1976),01-Jan-1976,0,0,0,0,0,0,0,0,0,0,0,1,0,0,0,0,0,0,0
447,386,"Omen, The (1976)",01-Jan-1976,0,0,0,0,0,0,0,0,0,0,0,1,0,0,0,0,0,0,0
448,387,Star Trek: The Motion Picture (1979),01-Jan-1979,0,1,1,0,0,0,0,0,0,0,0,0,0,0,0,1,0,0,0
449,388,Star Trek V: The Final Frontier (1989),01-Jan-1989,0,1,1,0,0,0,0,0,0,0,0,0,0,0,0,1,0,0,0
450,389,Grease (1978),01-Jan-1978,0,0,0,0,0,1,0,0,0,0,0,0,1,0,1,0,0,0,0
451,390,Jaws 2 (1978),01-Jan-1978,0,1,0,0,0,0,0,0,0,0,0,1,0,0,0,0,0,0,0
454,391,Jackie Chan's First Strike (1996),10-Jan-1997,0,1,0,0,0,0,0,0,0,0,0,0,0,0,0,0,0,0,0
455,392,Beverly Hills Ninja (1997),17-Jan-1997,0,1,0,0,0,1,0,0,0,0,0,0,0,0,0,0,0,0,0
457,393,Nixon (1995),01-Jan-1995,0,0,0,0,0,0,0,0,1,0,0,0,0,0,0,0,0,0,0
458,394,"Cry, the Beloved Country (1995)",01-Jan-1995,0,0,0,0,0,0,0,0,1,0,0,0,0,0,0,0,0,0,0
460,395,Smoke (1995),01-Jan-1995,0,0,0,0,0,0,0,0,1,0,0,0,0,0,0,0,0,0,0
461,396,Like Water For Chocolate (Como agua para chocolate) (1992),01-Jan-1992,0,0,0,0,0,0,0,0,1,0,0,0,0,0,1,0,0,0,0
462,397,"Secret of Roan Inish, The (1994)",01-Jan-1994,0,0,1,0,0,0,0,0,0,0,0,0,0,0,0,0,0,0,0
463,398,Vanya on 42nd Street (1994),01-Jan-1994,0,0,0,0,0,0,0,0,1,0,0,0,0,0,0,0,0,0,0
464,399,"Jungle Book, The (1994)",01-Jan-1994,0,0,1,0,1,0,0,0,0,0,0,0,0,0,1,0,0,0,0
465,400,Red Rock West (1992),01-Jan-1992,0,0,0,0,0,0,0,0,0,0,0,0,0,0,0,0,1,0,0
466,401,"Bronx Tale, A (1993)",01-Jan-1993,0,0,0,0,0,0,0,0,1,0,0,0,0,0,0,0,0,0,0
467,402,Rudy (1993),01-Jan-1993,0,0,0,0,0,0,0,0,1,0,0,0,0,0,0,0,0,0,0
468,403,Short Cuts (1993),01-Jan-1993,0,0,0,0,0,0,0,0,1,0,0,0,0,0,0,0,0,0,0
469,404,Tombstone (1993),01-Jan-1993,0,0,0,0,0,0,0,0,0,0,0,0,0,0,0,0,0,0,1
470,405,Courage Under Fire (1996),08-Mar-1996,0,0,0,0,0,0,0,0,1,0,0,0,0,0,0,0,0,1,0
471,406,Dragonheart (1996),31-May-1996,0,1,1,0,0,0,0,0,0,1,0,0,0,0,0,0,0,0,0
472,407,James and the Giant Peach (1996),12-Apr-1996,0,0,0,1,1,0,0,0,0,0,0,0,1,0,0,0,0,0,0
473,408,Dr. Strangelove or: How I Learned to Stop Worrying and Love the Bomb (1963),01-Jan-1963,0,0,0,0,0,0,0,0,0,0,0,0,0,0,0,1,0,1,0
474,409,Trainspotting (1996),19-Jul-1996,0,0,0,0,0,0,0,0,1,0,0,0,0,0,0,0,0,0,0
475,410,"First Wives Club, The (1996)",14-Sep-1996,0,0,0,0,0,1,0,0,0,0,0,0,0,0,0,0,0,0,0
476,411,Matilda (1996),02-Aug-1996,0,0,0,0,1,1,0,0,0,0,0,0,0,0,0,0,0,0,0
477,412,"Philadelphia Story, The (1940)",01-Jan-1940,0,0,0,0,0,1,0,0,0,0,0,0,0,0,1,0,0,0,0
478,413,Vertigo (1958),01-Jan-1958,0,0,0,0,0,0,0,0,0,0,0,0,0,1,0,0,1,0,0
479,414,North by Northwest (1959),01-Jan-1959,0,0,0,0,0,1,0,0,0,0,0,0,0,0,0,0,1,0,0
480,415,"Apartment, The (1960)",01-Jan-1960,0,0,0,0,0,1,0,0,1,0,0,0,0,0,0,0,0,0,0
481,416,Some Like It Hot (1959),01-Jan-1959,0,0,0,0,0,1,1,0,0,0,0,0,0,0,0,0,0,0,0
482,417,Casablanca (1942),01-Jan-1942,0,0,0,0,0,0,0,0,1,0,0,0,0,0,1,0,0,1,0
483,418,"Maltese Falcon, The (1941)",01-Jan-1941,0,0,0,0,0,0,0,0,0,0,1,0,0,1,0,0,0,0,0
484,419,My Fair Lady (1964),01-Jan-1964,0,0,0,0,0,0,0,0,0,0,0,0,1,0,1,0,0,0,0
485,420,Sabrina (1954),01-Jan-1954,0,0,0,0,0,1,0,0,0,0,0,0,0,0,1,0,0,0,0
486,421,Roman Holiday (1953),01-Jan-1953,0,0,0,0,0,1,0,0,0,0,0,0,0,0,1,0,0,0,0
487,422,Sunset Blvd. (1950),01-Jan-1950,0,0,0,0,0,0,0,0,0,0,1,0,0,0,0,0,0,0,0
488,423,Notorious (1946),01-Jan-1946,0,0,0,0,0,0,0,0,0,0,1,0,0,0,1,0,1,0,0
489,424,To Catch a Thief (1955),01-Jan-1955,0,0,0,0,0,1,0,0,0,0,0,0,0,0,1,0,1,0,0
490,425,"Adventures of Robin Hood, The (1938)",01-Jan-1938,0,1,1,0,0,0,0,0,0,0,0,0,0,0,0,0,0,0,0
491,426,East of Eden (1955),01-Jan-1955,0,0,0,0,0,0,0,0,1,0,0,0,0,0,0,0,0,0,0
492,427,"Thin Man, The (1934)",01-Jan-1934,0,0,0,0,0,0,0,0,0,0,0,0,0,1,0,0,0,0,0
493,428,His Girl Friday (1940),01-Jan-1940,0,0,0,0,0,1,0,0,0,0,0,0,0,0,0,0,0,0,0
494,429,Around the World in 80 Days (1956),01-Jan-1956,0,0,1,0,0,1,0,0,0,0,0,0,0,0,0,0,0,0,0
495,430,It's a Wonderful Life (1946),01-Jan-1946,0,0,0,0,0,0,0,0,1,0,0,0,0,0,0,0,0,0,0
496,431,Bringing Up Baby (1938),01-Jan-1938,0,0,0,0,0,1,0,0,0,0,0,0,0,0,0,0,0,0,0
497,432,"African Queen, The (1951)",01-Jan-1951,0,1,1,0,0,0,0,0,0,0,0,0,0,0,1,0,0,1,0
498,433,Cat on a Hot Tin Roof (1958),01-Jan-1958,0,0,0,0,0,0,0,0,1,0,0,0,0,0,0,0,0,0,0
499,434,Fly Away Home (1996),13-Sep-1996,0,0,1,0,1,0,0,0,0,0,0,0,0,0,0,0,0,0,0
500,435,Dumbo (1941),01-Jan-1941,0,0,0,1,1,0,0,0,0,0,0,0,1,0,0,0,0,0,0
501,436,Bananas (1971),01-Jan-1971,0,0,0,0,0,1,0,0,0,0,0,0,0,0,0,0,0,1,0
502,437,"Candidate, The (1972)",01-Jan-1972,0,0,0,0,0,0,0,0,1,0,0,0,0,0,0,0,0,0,0
503,438,Bonnie and Clyde (1967),01-Jan-1967,0,0,0,0,0,0,1,0,1,0,0,0,0,0,0,0,0,0,0
504,439,Dial M for Murder (1954),01-Jan-1954,0,0,0,0,0,0,0,0,0,0,0,0,0,1,0,0,1,0,0
505,440,Rebel Without a Cause (1955),01-Jan-1955,0,0,0,0,0,0,0,0,1,0,0,0,0,0,0,0,0,0,0
506,441,"Streetcar Named Desire, A (1951)",01-Jan-1951,0,0,0,0,0,0,0,0,1,0,0,0,0,0,0,0,0,0,0
507,442,"People vs. Larry Flynt, The (1996)",27-Dec-1996,0,0,0,0,0,0,0,0,1,0,0,0,0,0,0,0,0,0,0
508,443,My Left Foot (1989),01-Jan-1989,0,0,0,0,0,0,0,0,1,0,0,0,0,0,0,0,0,0,0
509,444,"Magnificent Seven, The (1954)",01-Jan-1954,0,1,0,0,0,0,0,0,1,0,0,0,0,0,0,0,0,0,1
510,445,Lawrence of Arabia (1962),01-Jan-1962,0,0,1,0,0,0,0,0,0,0,0,0,0,0,0,0,0,1,0
511,446,Wings of Desire (1987),01-Jan-1987,0,0,0,0,0,1,0,0,1,0,0,0,0,0,1,0,0,0,0
512,447,"Third Man, The (1949)",01-Jan-1949,0,0,0,0,0,0,0,0,0,0,0,0,0,1,0,0,1,0,0
513,448,Annie Hall (1977),01-Jan-1977,0,0,0,0,0,1,0,0,0,0,0,0,0,0,1,0,0,0,0
514,449,"Boot, Das (1981)",04-Apr-1997,0,1,0,0,0,0,0,0,1,0,0,0,0,0,0,0,0,1,0
515,450,Local Hero (1983),01-Jan-1983,0,0,0,0,0,1,0,0,0,0,0,0,0,0,0,0,0,0,0
516,451,Manhattan (1979),01-Jan-1979,0,0,0,0,0,1,0,0,1,0,0,0,0,0,1,0,0,0,0
517,452,Miller's Crossing (1990),01-Jan-1990,0,0,0,0,0,0,0,0,1,0,0,0,0,0,0,0,0,0,0
518,453,"Treasure of the Sierra Madre, The (1948)",01-Jan-1948,0,0,1,0,0,0,0,0,0,0,0,0,0,0,0,0,0,0,0
519,454,"Great Escape, The (1963)",01-Jan-1963,0,0,1,0,0,0,0,0,0,0,0,0,0,0,0,0,0,1,0
520,455,"Deer Hunter, The (1978)",01-Jan-1978,0,0,0,0,0,0,0,0,1,0,0,0,0,0,0,0,0,1,0
521,456,Down by Law (1986),01-Jan-1986,0,0,0,0,0,1,0,0,1,0,0,0,0,0,0,0,0,0,0
522,457,Cool Hand Luke (1967),01-Jan-1967,0,0,0,0,0,1,0,0,1,0,0,0,0,0,0,0,0,0,0
523,458,"Great Dictator, The (1940)",01-Jan-1940,0,0,0,0,0,1,0,0,0,0,0,0,0,0,0,0,0,0,0
524,459,"Big Sleep, The (1946)",01-Jan-1946,0,0,0,0,0,0,0,0,0,0,1,0,0,1,0,0,0,0,0
525,460,Ben-Hur (1959),01-Jan-1959,0,1,1,0,0,0,0,0,1,0,0,0,0,0,0,0,0,0,0
526,461,Gandhi (1982),01-Jan-1982,0,0,0,0,0,0,0,0,1,0,0,0,0,0,0,0,0,0,0
527,462,"Killing Fields, The (1984)",01-Jan-1984,0,0,0,0,0,0,0,0,1,0,0,0,0,0,0,0,0,1,0
528,463,My Life as a Dog (Mitt liv som hund) (1985),01-Jan-1985,0,0,0,0,0,0,0,0,1,0,0,0,0,0,0,0,0,0,0
529,464,"Man Who Would Be King, The (1975)",01-Jan-1975,0,0,1,0,0,0,0,0,0,0,0,0,0,0,0,0,0,0,0
530,465,Shine (1996),22-Nov-1996,0,0,0,0,0,0,0,0,1,0,0,0,0,0,1,0,0,0,0
534,466,Addicted to Love (1997),23-May-1997,0,0,0,0,0,1,0,0,0,0,0,0,0,0,1,0,0,0,0
536,467,My Own Private Idaho (1991),01-Jan-1991,0,0,0,0,0,0,0,0,1,0,0,0,0,0,0,0,0,0,0
537,468,Anastasia (1997),01-Jan-1997,0,0,0,1,1,0,0,0,0,0,0,0,1,0,0,0,0,0,0
538,469,Mouse Hunt (1997),01-Jan-1997,0,0,0,0,1,1,0,0,0,0,0,0,0,0,0,0,0,0,0
539,470,Money Train (1995),01-Jan-1995,0,1,0,0,0,0,0,0,0,0,0,0,0,0,0,0,0,0,0
540,471,Mortal Kombat (1995),01-Jan-1995,0,1,1,0,0,0,0,0,0,0,0,0,0,0,0,0,0,0,0
541,472,Pocahontas (1995),01-Jan-1995,0,0,0,1,1,0,0,0,0,0,0,0,1,0,1,0,0,0,0
543,473,Things to Do in Denver when You're Dead (1995),02-Feb-1996,0,0,0,0,0,0,1,0,1,0,0,0,0,0,1,0,0,0,0
545,474,Broken Arrow (1996),09-Feb-1996,0,1,0,0,0,0,0,0,0,0,0,0,0,0,0,0,1,0,0
546,475,"Young Poisoner's Handbook, The (1995)",23-Feb-1996,0,0,0,0,0,0,1,0,0,0,0,0,0,0,0,0,0,0,0
548,476,Rob Roy (1995),01-Jan-1995,0,0,0,0,0,0,0,0,1,0,0,0,0,0,1,0,0,1,0
549,477,Die Hard: With a Vengeance (1995),01-Jan-1995,0,1,0,0,0,0,0,0,0,0,0,0,0,0,0,0,1,0,0
551,478,Species (1995),01-Jan-1995,0,0,0,0,0,0,0,0,0,0,0,0,0,0,0,1,0,0,0
552,479,"Walk in the Clouds, A (1995)",01-Jan-1995,0,0,0,0,0,0,0,0,1,0,0,0,0,0,1,0,0,0,0
553,480,Waterworld (1995),01-Jan-1995,0,1,1,0,0,0,0,0,0,0,0,0,0,0,0,0,0,0,0
557,481,Heavenly Creatures (1994),01-Jan-1994,0,0,0,0,0,0,0,0,1,1,0,0,0,0,0,0,1,0,0
558,482,Interview with the Vampire (1994),01-Jan-1994,0,0,0,0,0,0,0,0,1,0,0,1,0,0,0,0,0,0,0
560,483,Mary Shelley's Frankenstein (1994),01-Jan-1994,0,0,0,0,0,0,0,0,1,0,0,1,0,0,0,0,0,0,0
561,484,"Quick and the Dead, The (1995)",01-Jan-1995,0,1,1,0,0,0,0,0,0,0,0,0,0,0,0,0,0,0,1
565,485,Clear and Present Danger (1994),01-Jan-1994,0,1,1,0,0,0,0,0,0,0,0,0,0,0,0,0,1,0,0
567,486,Speed (1994),01-Jan-1994,0,1,0,0,0,0,0,0,0,0,0,0,0,0,1,0,1,0,0
568,487,Wolf (1994),01-Jan-1994,0,0,0,0,0,0,0,0,1,0,0,1,0,0,0,0,0,0,0
569,488,Wyatt Earp (1994),01-Jan-1994,0,0,0,0,0,0,0,0,0,0,0,0,0,0,0,0,0,0,1
572,489,Body Snatchers (1993),01-Jan-1993,0,0,0,0,0,0,0,0,0,0,0,1,0,0,0,1,1,0,0
574,490,City Slickers II: The Legend of Curly's Gold (1994),01-Jan-1994,0,0,0,0,0,1,0,0,0,0,0,0,0,0,0,0,0,0,1
575,491,Cliffhanger (1993),01-Jan-1993,0,1,1,0,0,0,1,0,0,0,0,0,0,0,0,0,0,0,0
577,492,Demolition Man (1993),01-Jan-1993,0,1,0,0,0,0,0,0,0,0,0,0,0,0,0,1,0,0,0
579,493,"Englishman Who Went Up a Hill, But Came Down a Mountain, The (1995)",01-Jan-1995,0,0,0,0,0,1,0,0,0,0,0,0,0,0,1,0,0,0,0
580,494,Kalifornia (1993),01-Jan-1993,0,0,0,0,0,0,0,0,1,0,0,0,0,0,0,0,1,0,0
581,495,"Piano, The (1993)",01-Jan-1993,0,0,0,0,0,0,0,0,1,0,0,0,0,0,1,0,0,0,0
582,496,Romeo Is Bleeding (1993),01-Jan-1993,0,0,0,0,0,0,1,0,0,0,0,0,0,0,0,0,1,0,0
583,497,"Secret Garden, The (1993)",01-Jan-1993,0,0,0,0,1,0,0,0,1,0,0,0,0,0,0,0,0,0,0
587,498,Beauty and the Beast (1991),01-Jan-1991,0,0,0,1,1,0,0,0,0,0,0,0,1,0,0,0,0,0,0
588,499,"Wild Bunch, The (1969)",01-Jan-1969,0,0,0,0,0,0,0,0,0,0,0,0,0,0,0,0,0,0,1
590,500,Primal Fear (1996),30-Mar-1996,0,0,0,0,0,0,0,0,1,0,0,0,0,0,0,0,1,0,0
594,501,"Fan, The (1996)",16-Aug-1996,0,0,0,0,0,0,0,0,0,0,0,0,0,0,0,0,1,0,0
595,502,"Hunchback of Notre Dame, The (1996)",21-Jun-1996,0,0,0,1,1,0,0,0,0,0,0,0,1,0,0,0,0,0,0
596,503,Eraser (1996),21-Jun-1996,0,1,0,0,0,0,0,0,0,0,0,0,0,0,0,0,1,0,0
600,504,For Whom the Bell Tolls (1943),01-Jan-1943,0,0,1,0,0,0,0,0,0,0,0,0,0,0,0,0,0,1,0
601,505,"American in Paris, An (1951)",01-Jan-1951,0,0,0,0,0,0,0,0,0,0,0,0,1,0,1,0,0,0,0
602,506,Rear Window (1954),01-Jan-1954,0,0,0,0,0,0,0,0,0,0,0,0,0,1,0,0,1,0,0
603,507,It Happened One Night (1934),01-Jan-1934,0,0,0,0,0,1,0,0,0,0,0,0,0,0,0,0,0,0,0
604,508,Meet Me in St. Louis (1944),01-Jan-1944,0,0,0,0,0,0,0,0,0,0,0,0,1,0,0,0,0,0,0
605,509,All About Eve (1950),01-Jan-1950,0,0,0,0,0,0,0,0,1,0,0,0,0,0,0,0,0,0,0
606,510,Rebecca (1940),01-Jan-1940,0,0,0,0,0,0,0,0,0,0,0,0,0,0,1,0,1,0,0
607,511,Spellbound (1945),01-Jan-1945,0,0,0,0,0,0,0,0,0,0,0,0,0,1,1,0,1,0,0
608,512,Father of the Bride (1950),01-Jan-1950,0,0,0,0,0,1,0,0,0,0,0,0,0,0,0,0,0,0,0
609,513,Gigi (1958),01-Jan-1958,0,0,0,0,0,0,0,0,0,0,0,0,1,0,0,0,0,0,0
610,514,Laura (1944),01-Jan-1944,0,0,0,0,0,0,1,0,0,0,1,0,0,1,0,0,0,0,0
611,515,Lost Horizon (1937),01-Jan-1937,0,0,0,0,0,0,0,0,1,0,0,0,0,0,0,0,0,0,0
612,516,My Man Godfrey (1936),01-Jan-1936,0,0,0,0,0,1,0,0,0,0,0,0,0,0,0,0,0,0,0
613,517,Giant (1956),01-Jan-1956,0,0,0,0,0,0,0,0,1,0,0,0,0,0,0,0,0,0,0
614,518,"39 Steps, The (1935)",01-Jan-1935,0,0,0,0,0,0,0,0,0,0,0,0,0,0,0,0,1,0,0
615,519,Night of the Living Dead (1968),01-Jan-1968,0,0,0,0,0,0,0,0,0,0,0,1,0,0,0,1,0,0,0
618,520,Extreme Measures (1996),27-Sep-1996,0,0,0,0,0,0,0,0,1,0,0,0,0,0,0,0,1,0,0
619,521,"Chamber, The (1996)",11-Oct-1996,0,0,0,0,0,0,0,0,1,0,0,0,0,0,0,0,0,0,0
621,522,Swiss Family Robinson (1960),01-Jan-1960,0,0,1,0,1,0,0,0,0,0,0,0,0,0,0,0,0,0,0
622,523,Angels in the Outfield (1994),01-Jan-1994,0,0,0,0,1,1,0,0,0,0,0,0,0,0,0,0,0,0,0
624,524,"Sword in the Stone, The (1963)",01-Jan-1963,0,0,0,1,1,0,0,0,0,0,0,0,0,0,0,0,0,0,0
626,525,Robin Hood: Prince of Thieves (1991),01-Jan-1991,0,0,0,0,0,0,0,0,1,0,0,0,0,0,0,0,0,0,0
627,526,Sleepers (1996),18-Oct-1996,0,0,0,0,0,0,1,0,1,0,0,0,0,0,0,0,0,0,0
628,527,Victor/Victoria (1982),01-Jan-1982,0,0,0,0,0,1,0,0,0,0,0,0,1,0,0,0,0,0,0
629,528,"Great Race, The (1965)",01-Jan-1965,0,0,0,0,0,1,0,0,0,0,0,0,1,0,0,0,0,0,0
630,529,"Crying Game, The (1992)",01-Jan-1992,0,1,0,0,0,0,0,0,1,0,0,0,0,0,1,0,0,1,0
631,530,Sophie's Choice (1982),01-Jan-1982,0,0,0,0,0,0,0,0,1,0,0,0,0,0,0,0,0,0,0
632,531,"Christmas Carol, A (1938)",01-Jan-1938,0,0,0,0,0,0,0,0,1,0,0,0,0,0,0,0,0,0,0
633,532,Microcosmos: Le peuple de l'herbe (1996),11-Oct-1996,0,0,0,0,0,0,0,1,0,0,0,0,0,0,0,0,0,0,0
635,533,Escape from New York (1981),01-Jan-1981,0,1,1,0,0,0,0,0,0,0,0,0,0,0,0,1,1,0,0
636,534,"Howling, The (1981)",01-Jan-1981,0,0,0,0,0,1,0,0,0,0,0,1,0,0,0,0,0,0,0
637,535,"Return of Martin Guerre, The (Retour de Martin Guerre, Le) (1982)",01-Jan-1982,0,0,0,0,0,0,0,0,1,0,0,0,0,0,0,0,0,0,0
638,536,"Tin Drum, The (Blechtrommel, Die) (1979)",01-Jan-1979,0,0,0,0,0,0,0,0,1,0,0,0,0,0,0,0,0,0,0
639,537,"Cook the Thief His Wife & Her Lover, The (1989)",01-Jan-1989,0,0,0,0,0,0,0,0,1,0,0,0,0,0,0,0,0,0,0
640,538,Paths of Glory (1957),01-Jan-1957,0,0,0,0,0,0,0,0,1,0,0,0,0,0,0,0,0,1,0
641,539,"Grifters, The (1990)",01-Jan-1990,0,0,0,0,0,0,1,0,1,0,1,0,0,0,0,0,0,0,0
643,540,"Thin Blue Line, The (1988)",01-Jan-1988,0,0,0,0,0,0,0,1,0,0,0,0,0,0,0,0,0,0,0
644,541,Paris Is Burning (1990),01-Jan-1990,0,0,0,0,0,0,0,1,0,0,0,0,0,0,0,0,0,0,0
645,542,Once Upon a Time in the West (1969),01-Jan-1969,0,0,0,0,0,0,0,0,0,0,0,0,0,0,0,0,0,0,1
646,543,Ran (1985),01-Jan-1985,0,0,0,0,0,0,0,0,1,0,0,0,0,0,0,0,0,1,0
647,544,"Quiet Man, The (1952)",01-Jan-1952,0,0,0,0,0,1,0,0,0,0,0,0,0,0,1,0,0,0,0
648,545,Once Upon a Time in America (1984),01-Jan-1984,0,0,0,0,0,0,1,0,1,0,0,0,0,0,0,0,1,0,0
649,546,"Seventh Seal, The (Sjunde inseglet, Det) (1957)",01-Jan-1957,0,0,0,0,0,0,0,0,1,0,0,0,0,0,0,0,0,0,0
650,547,Glory (1989),01-Jan-1989,0,1,0,0,0,0,0,0,1,0,0,0,0,0,0,0,0,1,0
651,548,Rosencrantz and Guildenstern Are Dead (1990),01-Jan-1990,0,0,0,0,0,1,0,0,1,0,0,0,0,0,0,0,0,0,0
652,549,Touch of Evil (1958),01-Jan-1958,0,0,0,0,0,0,1,0,0,0,1,0,0,0,0,0,1,0,0
653,550,Chinatown (1974),01-Jan-1974,0,0,0,0,0,0,0,0,0,0,1,0,0,1,0,0,1,0,0
654,551,Stand by Me (1986),01-Jan-1986,0,0,1,0,0,1,0,0,1,0,0,0,0,0,0,0,0,0,0
655,552,M (1931),01-Jan-1931,0,0,0,0,0,0,1,0,0,0,1,0,0,0,0,0,1,0,0
656,553,"Manchurian Candidate, The (1962)",01-Jan-1962,0,0,0,0,0,0,0,0,0,0,1,0,0,0,0,0,1,0,0
657,554,Pump Up the Volume (1990),01-Jan-1990,0,0,0,0,0,0,0,0,1,0,0,0,0,0,0,0,0,0,0
658,555,Arsenic and Old Lace (1944),01-Jan-1944,0,0,0,0,0,1,0,0,0,0,0,0,0,1,0,0,1,0,0
659,556,Fried Green Tomatoes (1991),01-Jan-1991,0,0,0,0,0,0,0,0,1,0,0,0,0,0,0,0,0,0,0
660,557,High Noon (1952),01-Jan-1952,0,0,0,0,0,0,0,0,0,0,0,0,0,0,0,0,0,0,1
661,558,Somewhere in Time (1980),01-Jan-1980,0,0,0,0,0,0,0,0,1,0,0,0,0,0,1,0,0,0,0
662,559,Being There (1979),01-Jan-1979,0,0,0,0,0,1,0,0,0,0,0,0,0,0,0,0,0,0,0
663,560,"Paris, Texas (1984)",01-Jan-1984,0,0,0,0,0,0,0,0,1,0,0,0,0,0,0,0,0,0,0
664,561,Alien 3 (1992),01-Jan-1992,0,1,0,0,0,0,0,0,0,0,0,1,0,0,0,1,1,0,0
669,562,Body Snatchers (1993),01-Jan-1993,0,0,0,0,0,0,0,0,0,0,0,1,0,0,0,1,1,0,0
670,563,Bride of Frankenstein (1935),01-Jan-1935,0,0,0,0,0,0,0,0,0,0,0,1,0,0,0,0,0,0,0
671,564,Candyman (1992),01-Jan-1992,0,0,0,0,0,0,0,0,0,0,0,1,0,0,0,0,0,0,0
672,565,Cape Fear (1962),01-Jan-1962,0,0,0,0,0,0,0,0,0,0,1,0,0,0,0,0,1,0,0
673,566,Cat People (1982),01-Jan-1982,0,0,0,0,0,0,0,0,0,0,0,1,0,0,0,0,0,0,0
674,567,"Nosferatu (Nosferatu, eine Symphonie des Grauens) (1922)",01-Jan-1922,0,0,0,0,0,0,0,0,0,0,0,1,0,0,0,0,0,0,0
675,568,"Crucible, The (1996)",27-Nov-1996,0,0,0,0,0,0,0,0,1,0,0,0,0,0,0,0,0,0,0
677,569,Volcano (1997),25-Apr-1997,0,0,0,0,0,0,0,0,1,0,0,0,0,0,0,0,1,0,0
678,570,Conan the Barbarian (1981),01-Jan-1981,0,1,1,0,0,0,0,0,0,0,0,0,0,0,0,0,0,0,0
681,571,I Know What You Did Last Summer (1997),17-Oct-1997,0,0,0,0,0,0,0,0,0,0,0,1,0,1,0,0,1,0,0
682,572,Rocket Man (1997),01-Jan-1997,0,0,0,0,0,1,0,0,0,0,0,0,0,0,0,0,0,0,0
683,573,In the Line of Fire (1993),01-Jan-1993,0,1,0,0,0,0,0,0,0,0,0,0,0,0,0,0,1,0,0
684,574,Executive Decision (1996),09-Mar-1996,0,1,0,0,0,0,0,0,0,0,0,0,0,0,0,0,1,0,0
685,575,"Perfect World, A (1993)",01-Jan-1993,0,1,0,0,0,0,0,0,1,0,0,0,0,0,0,0,0,0,0
686,576,McHale's Navy (1997),18-Apr-1997,0,0,0,0,0,1,0,0,0,0,0,0,0,0,0,0,0,1,0
688,577,"Jackal, The (1997)",01-Jan-1997,0,1,0,0,0,0,0,0,0,0,0,0,0,0,0,0,1,0,0
689,578,Seven Years in Tibet (1997),01-Jan-1997,0,0,0,0,0,0,0,0,1,0,0,0,0,0,0,0,0,1,0
691,579,"American President, The (1995)",01-Jan-1995,0,0,0,0,0,1,0,0,1,0,0,0,0,0,1,0,0,0,0
692,580,Casino (1995),01-Jan-1995,0,0,0,0,0,0,0,0,1,0,0,0,0,0,0,0,0,0,0
693,581,Persuasion (1995),25-Sep-1995,0,0,0,0,0,0,0,0,0,0,0,0,0,0,1,0,0,0,0
695,582,City Hall (1996),16-Feb-1996,0,0,0,0,0,0,0,0,1,0,0,0,0,0,0,0,1,0,0
696,583,"Basketball Diaries, The (1995)",01-Jan-1995,0,0,0,0,0,0,0,0,1,0,0,0,0,0,0,0,0,0,0
698,584,Little Women (1994),01-Jan-1994,0,0,0,0,0,0,0,0,1,0,0,0,0,0,0,0,0,0,0
701,585,Barcelona (1994),01-Jan-1994,0,0,0,0,0,1,0,0,0,0,0,0,0,0,1,0,0,0,0
704,586,Singin' in the Rain (1952),01-Jan-1952,0,0,0,0,0,0,0,0,0,0,0,0,1,0,1,0,0,0,0
706,587,Enchanted April (1991),01-Jan-1991,0,0,0,0,0,0,0,0,1,0,0,0,0,0,0,0,0,0,0
707,588,"Sex, Lies, and Videotape (1989)",01-Jan-1989,0,0,0,0,0,0,0,0,1,0,0,0,0,0,0,0,0,0,0
708,589,Strictly Ballroom (1992),01-Jan-1992,0,0,0,0,0,1,0,0,0,0,0,0,0,0,1,0,0,0,0
709,590,Better Off Dead... (1985),01-Jan-1985,0,0,0,0,0,1,0,0,0,0,0,0,0,0,0,0,0,0,0
711,591,Tin Men (1987),01-Jan-1987,0,0,0,0,0,1,0,0,1,0,0,0,0,0,0,0,0,0,0
712,592,Othello (1995),18-Dec-1995,0,0,0,0,0,0,0,0,1,0,0,0,0,0,0,0,0,0,0
714,593,To Die For (1995),01-Jan-1995,0,0,0,0,0,1,0,0,1,0,0,0,0,0,0,0,0,0,0
715,594,Home for the Holidays (1995),01-Jan-1995,0,0,0,0,0,0,0,0,1,0,0,0,0,0,1,0,0,0,0
716,595,"Juror, The (1996)",01-Jan-1996,0,0,0,0,0,0,0,0,1,0,0,0,0,0,0,0,1,0,0
719,596,First Knight (1995),01-Jan-1995,0,1,1,0,0,0,0,0,1,0,0,0,0,0,1,0,0,0,0
720,597,Mallrats (1995),01-Jan-1995,0,0,0,0,0,1,0,0,0,0,0,0,0,0,0,0,0,0,0
721,598,Nine Months (1995),01-Jan-1995,0,0,0,0,0,1,0,0,0,0,0,0,0,0,0,0,0,0,0
722,599,Boys on the Side (1995),01-Jan-1995,0,0,0,0,0,1,0,0,1,0,0,0,0,0,0,0,0,0,0
723,600,Circle of Friends (1995),01-Jan-1995,0,0,0,0,0,0,0,0,1,0,0,0,0,0,1,0,0,0,0
726,601,Immortal Beloved (1994),01-Jan-1994,0,0,0,0,0,0,0,0,1,0,0,0,0,0,1,0,0,0,0
727,602,Junior (1994),01-Jan-1994,0,0,0,0,0,1,0,0,0,0,0,0,0,0,0,1,0,0,0
728,603,Nell (1994),01-Jan-1994,0,0,0,0,0,0,0,0,1,0,0,0,0,0,0,0,0,0,0
729,604,"Queen Margot (Reine Margot, La) (1994)",01-Jan-1996,0,0,0,0,0,0,0,0,1,0,0,0,0,0,1,0,0,0,0
730,605,"Corrina, Corrina (1994)",01-Jan-1994,0,0,0,0,0,1,0,0,1,0,0,0,0,0,1,0,0,0,0
731,606,Dave (1993),01-Jan-1993,0,0,0,0,0,1,0,0,0,0,0,0,0,0,1,0,0,0,0
734,607,Philadelphia (1993),01-Jan-1993,0,0,0,0,0,0,0,0,1,0,0,0,0,0,0,0,0,0,0
735,608,Shadowlands (1993),01-Jan-1993,0,0,0,0,0,0,0,0,1,0,0,0,0,0,1,0,0,0,0
736,609,Sirens (1994),01-Jan-1994,0,0,0,0,0,1,0,0,1,0,0,0,0,0,0,0,0,0,0
737,610,Threesome (1994),01-Jan-1994,0,0,0,0,0,1,0,0,0,0,0,0,0,0,1,0,0,0,0
738,611,Pretty Woman (1990),01-Jan-1990,0,0,0,0,0,1,0,0,0,0,0,0,0,0,1,0,0,0,0
739,612,Jane Eyre (1996),05-Apr-1996,0,0,0,0,0,0,0,0,1,0,0,0,0,0,1,0,0,0,0
740,613,"Last Supper, The (1995)",05-Apr-1996,0,0,0,0,0,0,0,0,1,0,0,0,0,0,0,0,1,0,0
741,614,Ransom (1996),08-Nov-1996,0,0,0,0,0,0,0,0,1,0,0,0,0,0,0,0,1,0,0
743,615,Michael Collins (1996),11-Oct-1996,0,0,0,0,0,0,0,0,1,0,0,0,0,0,0,0,0,1,0
745,616,Real Genius (1985),01-Jan-1985,0,0,0,0,0,1,0,0,0,0,0,0,0,0,0,0,0,0,0
746,617,Benny & Joon (1993),01-Jan-1993,0,0,0,0,0,1,0,0,0,0,0,0,0,0,1,0,0,0,0
747,618,"Saint, The (1997)",14-Mar-1997,0,1,0,0,0,0,0,0,0,0,0,0,0,0,1,0,1,0,0
748,619,"MatchMaker, The (1997)",01-Jan-1997,0,0,0,0,0,1,0,0,0,0,0,0,0,0,1,0,0,0,0
749,620,Amistad (1997),18-Dec-1997,0,0,0,0,0,0,0,0,1,0,0,0,0,0,0,0,0,0,0
750,621,Tomorrow Never Dies (1997),01-Jan-1997,0,1,0,0,0,0,0,0,0,0,0,0,0,0,1,0,1,0,0
751,622,"Replacement Killers, The (1998)",06-Feb-1998,0,1,0,0,0,0,0,0,0,0,0,0,0,0,0,0,1,0,0
753,623,Red Corner (1997),01-Jan-1997,0,0,0,0,0,0,1,0,0,0,0,0,0,0,0,0,1,0,0
754,624,Jumanji (1995),01-Jan-1995,0,1,1,0,1,0,0,0,0,1,0,0,0,0,0,1,0,0,0
755,625,Father of the Bride Part II (1995),01-Jan-1995,0,0,0,0,0,1,0,0,0,0,0,0,0,0,0,0,0,0,0
759,626,Screamers (1995),01-Jan-1995,0,0,0,0,0,0,0,0,0,0,0,0,0,0,0,1,0,0,0
760,627,Nick of Time (1995),01-Jan-1995,0,1,0,0,0,0,0,0,0,0,0,0,0,0,0,0,1,0,0
761,628,Beautiful Girls (1996),09-Feb-1996,0,0,0,0,0,0,0,0,1,0,0,0,0,0,0,0,0,0,0
762,629,Happy Gilmore (1996),16-Feb-1996,0,0,0,0,0,1,0,0,0,0,0,0,0,0,0,0,0,0,0
764,630,Boomerang (1992),01-Jan-1992,0,0,0,0,0,1,0,0,0,0,0,0,0,0,1,0,0,0,0
767,631,Casper (1995),01-Jan-1995,0,0,1,0,1,0,0,0,0,0,0,0,0,0,0,0,0,0,0
768,632,Congo (1995),01-Jan-1995,0,1,1,0,0,0,0,0,0,0,0,0,0,1,0,1,0,0,0
769,633,Devil in a Blue Dress (1995),01-Jan-1995,0,0,0,0,0,0,1,0,0,0,1,0,0,1,0,0,1,0,0
770,634,Johnny Mnemonic (1995),01-Jan-1995,0,1,0,0,0,0,0,0,0,0,0,0,0,0,0,1,1,0,0
771,635,Kids (1995),01-Jan-1995,0,0,0,0,0,0,0,0,1,0,0,0,0,0,0,0,0,0,0
773,636,"Prophecy, The (1995)",01-Jan-1995,0,0,0,0,0,0,0,0,0,0,0,1,0,0,0,0,0,0,0
777,637,Don Juan DeMarco (1995),01-Jan-1995,0,0,0,0,0,1,0,0,1,0,0,0,0,0,1,0,0,0,0
779,638,Dumb & Dumber (1994),01-Jan-1994,0,0,0,0,0,1,0,0,0,0,0,0,0,0,0,0,0,0,0
780,639,French Kiss (1995),01-Jan-1995,0,0,0,0,0,1,0,0,0,0,0,0,0,0,1,0,0,0,0
782,640,Milk Money (1994),01-Jan-1994,0,0,0,0,0,1,0,0,0,0,0,0,0,0,1,0,0,0,0
784,641,Only You (1994),01-Jan-1994,0,0,0,0,0,1,0,0,0,0,0,0,0,0,1,0,0,0,0
788,642,Swimming with Sharks (1995),01-Jan-1995,0,0,0,0,0,1,0,0,1,0,0,0,0,0,0,0,0,0,0
789,643,Tommy Boy (1995),01-Jan-1995,0,0,0,0,0,1,0,0,0,0,0,0,0,0,0,0,0,0,0
791,644,Bullets Over Broadway (1994),01-Jan-1994,0,0,0,0,0,1,0,0,0,0,0,0,0,0,0,0,0,0,0
793,645,It Could Happen to You (1994),01-Jan-1994,0,0,0,0,0,0,0,0,1,0,0,0,0,0,1,0,0,0,0
795,646,Speechless (1994),01-Jan-1994,0,0,0,0,0,1,0,0,0,0,0,0,0,0,1,0,0,0,0
796,647,Timecop (1994),01-Jan-1994,0,1,0,0,0,0,0,0,0,0,0,0,0,0,0,1,0,0,0
801,648,Hard Target (1993),01-Jan-1993,0,1,1,0,0,0,1,0,0,0,0,0,0,0,0,0,1,0,0
804,649,Manhattan Murder Mystery (1993),01-Jan-1993,0,0,0,0,0,1,0,0,0,0,0,0,0,1,0,0,0,0,0
805,650,Menace II Society (1993),01-Jan-1993,0,1,0,0,0,0,1,0,1,0,0,0,0,0,0,0,0,0,0
808,651,Rising Sun (1993),01-Jan-1993,0,1,0,0,0,0,0,0,1,0,0,0,0,1,0,0,0,0,0
809,652,"Shadow, The (1994)",01-Jan-1994,0,1,0,0,0,0,0,0,0,0,0,0,0,0,0,0,0,0,0
812,653,"Celluloid Closet, The (1995)",15-Mar-1996,0,0,0,0,0,0,0,1,0,0,0,0,0,0,0,0,0,0,0
814,654,One Fine Day (1996),30-Nov-1996,0,0,0,0,0,0,0,0,1,0,0,0,0,0,1,0,0,0,0
818,655,Eddie (1996),31-May-1996,0,0,0,0,0,1,0,0,0,0,0,0,0,0,0,0,0,0,0
819,656,Space Jam (1996),15-Nov-1996,0,0,1,1,1,1,0,0,0,1,0,0,0,0,0,0,0,0,0
822,657,Mulholland Falls (1996),26-Apr-1996,0,0,0,0,0,0,1,0,0,0,1,0,0,0,0,0,1,0,0
823,658,"Great White Hype, The (1996)",03-May-1996,0,0,0,0,0,1,0,0,0,0,0,0,0,0,0,0,0,0,0
824,659,"Arrival, The (1996)",31-May-1996,0,1,0,0,0,0,0,0,0,0,0,0,0,0,0,1,1,0,0
825,660,"Phantom, The (1996)",07-Jun-1996,0,0,1,0,0,0,0,0,0,0,0,0,0,0,0,0,0,0,0
826,661,Daylight (1996),06-Dec-1996,0,1,1,0,0,0,0,0,0,0,0,0,0,0,0,0,1,0,0
830,662,Escape from L.A. (1996),09-Aug-1996,0,1,1,0,0,0,0,0,0,0,0,0,0,0,0,1,1,0,0
832,663,Bulletproof (1996),06-Sep-1996,0,1,0,0,0,0,0,0,0,0,0,0,0,0,0,0,0,0,0
835,664,Ninotchka (1939),01-Jan-1939,0,0,0,0,0,1,0,0,0,0,0,0,0,0,1,0,0,0,0
836,665,Meet John Doe (1941),01-Jan-1941,0,0,0,0,0,0,0,0,1,0,0,0,0,0,0,0,0,0,0
839,666,Last Man Standing (1996),20-Sep-1996,0,1,0,0,0,0,0,0,1,0,0,0,0,0,0,0,0,0,1
840,667,"Glimmer Man, The (1996)",04-Oct-1996,0,1,0,0,0,0,0,0,0,0,0,0,0,0,0,0,1,0,0
842,668,"Shaggy Dog, The (1959)",01-Jan-1959,0,0,0,0,1,1,0,0,0,0,0,0,0,0,0,0,0,0,0
843,669,Freeway (1996),23-Aug-1996,0,0,0,0,0,0,1,0,0,0,0,0,0,0,0,0,0,0,0
844,670,That Thing You Do! (1996),28-Sep-1996,0,0,0,0,0,1,0,0,0,0,0,0,0,0,0,0,0,0,0
845,671,To Gillian on Her 37th Birthday (1996),18-Oct-1996,0,0,0,0,0,0,0,0,1,0,0,0,0,0,1,0,0,0,0
846,672,Looking for Richard (1996),11-Oct-1996,0,0,0,0,0,0,0,1,1,0,0,0,0,0,0,0,0,0,0
848,673,Days of Thunder (1990),01-Jan-1990,0,1,0,0,0,0,0,0,0,0,0,0,0,0,1,0,0,0,0
854,674,Diva (1981),01-Jan-1981,0,1,0,0,0,0,0,0,1,0,0,0,0,1,1,0,1,0,0
855,675,Night on Earth (1991),01-Jan-1991,0,0,0,0,0,1,0,0,1,0,0,0,0,0,0,0,0,0,0
862,676,"Garden of Finzi-Contini, The (Giardino dei Finzi-Contini, Il) (1970)",08-Nov-1996,0,0,0,0,0,0,0,0,1,0,0,0,0,0,0,0,0,0,0
863,677,My Fellow Americans (1996),20-Dec-1996,0,0,0,0,0,1,0,0,0,0,0,0,0,0,0,0,0,0,0
865,678,Michael (1996),25-Dec-1996,0,0,0,0,0,1,0,0,0,0,0,0,0,0,1,0,0,0,0
870,679,Vegas Vacation (1997),14-Feb-1997,0,0,0,0,0,1,0,0,0,0,0,0,0,0,0,0,0,0,0
871,680,Love Jones (1997),14-Mar-1997,0,0,0,0,0,0,0,0,0,0,0,0,0,0,1,0,0,0,0
872,681,Picture Perfect (1997),01-Aug-1997,0,0,0,0,0,1,0,0,0,0,0,0,0,0,1,0,0,0,0
873,682,Career Girls (1997),08-Aug-1997,0,0,0,0,0,0,0,0,1,0,0,0,0,0,0,0,0,0,0
874,683,She's So Lovely (1997),22-Aug-1997,0,0,0,0,0,0,0,0,1,0,0,0,0,0,1,0,0,0,0
875,684,Money Talks (1997),22-Aug-1997,0,1,0,0,0,1,0,0,0,0,0,0,0,0,0,0,0,0,0
876,685,Excess Baggage (1997),01-Jan-1997,0,0,1,0,0,0,0,0,0,0,0,0,0,0,1,0,0,0,0
878,686,"Peacemaker, The (1997)",01-Jan-1997,0,1,0,0,0,0,0,0,0,0,0,0,0,0,0,0,1,1,0
879,687,Soul Food (1997),01-Jan-1997,0,0,0,0,0,0,0,0,1,0,0,0,0,0,0,0,0,0,0
880,688,Money Talks (1997),22-Aug-1997,0,1,0,0,0,1,0,0,0,0,0,0,0,0,0,0,0,0,0
881,689,Washington Square (1997),01-Jan-1997,0,0,0,0,0,0,0,0,1,0,0,0,0,0,0,0,0,0,0
885,690,"Life Less Ordinary, A (1997)",01-Jan-1997,0,0,0,0,0,0,0,0,0,0,0,0,0,0,1,0,1,0,0
886,691,Eve's Bayou (1997),01-Jan-1997,0,0,0,0,0,0,0,0,1,0,0,0,0,0,0,0,0,0,0
891,692,Flubber (1997),01-Jan-1997,0,0,0,0,1,1,0,0,0,1,0,0,0,0,0,0,0,0,0
894,693,Scream 2 (1997),01-Jan-1997,0,0,0,0,0,0,0,0,0,0,0,1,0,0,0,0,1,0,0
895,694,"Sweet Hereafter, The (1997)",01-Jan-1997,0,0,0,0,0,0,0,0,1,0,0,0,0,0,0,0,0,0,0
897,695,"Postman, The (1997)",01-Jan-1997,0,0,0,0,0,0,0,0,1,0,0,0,0,0,0,0,0,0,0
899,696,Kundun (1997),25-Dec-1997,0,0,0,0,0,0,0,0,1,0,0,0,0,0,0,0,0,0,0
901,697,"Big Lebowski, The (1998)",26-Dec-1997,0,0,0,0,0,1,1,0,0,0,0,0,0,1,0,0,1,0,0
904,698,Great Expectations (1998),01-Jan-1998,0,0,0,0,0,0,0,0,1,0,0,0,0,0,1,0,0,0,0
918,699,"City of Lost Children, The (1995)",01-Jan-1995,0,0,1,0,0,0,0,0,0,0,0,0,0,0,0,1,0,0,0
920,700,Farewell My Concubine (1993),01-Jan-1993,0,0,0,0,0,0,0,0,1,0,0,0,0,0,1,0,0,0,0
921,701,Dead Man (1995),10-May-1996,0,0,0,0,0,0,0,0,0,0,0,0,0,0,0,0,0,0,1
922,702,Raise the Red Lantern (1991),01-Jan-1991,0,0,0,0,0,0,0,0,1,0,0,0,0,0,0,0,0,0,0
923,703,White Squall (1996),01-Jan-1996,0,0,1,0,0,0,0,0,1,0,0,0,0,0,0,0,0,0,0
924,704,Unforgettable (1996),23-Feb-1996,0,0,0,0,0,0,0,0,0,0,0,0,0,0,0,1,1,0,0
925,705,Down Periscope (1996),01-Mar-1996,0,0,0,0,0,1,0,0,0,0,0,0,0,0,0,0,0,0,0
927,706,"Craft, The (1996)",26-Apr-1996,0,0,0,0,0,0,0,0,1,0,0,1,0,0,0,0,0,0,0
928,707,Harriet the Spy (1996),03-Jul-1996,0,0,0,0,1,1,0,0,0,0,0,0,0,0,0,0,0,0,0
929,708,Chain Reaction (1996),31-Jul-1996,0,1,1,0,0,0,0,0,0,0,0,0,0,0,0,0,1,0,0
930,709,"Island of Dr. Moreau, The (1996)",23-Aug-1996,0,0,0,0,0,0,0,0,0,0,0,0,0,0,0,1,1,0,0
931,710,First Kid (1996),30-Aug-1996,0,0,0,0,1,1,0,0,0,0,0,0,0,0,0,0,0,0,0
933,711,"Preacher's Wife, The (1996)",13-Dec-1996,0,0,0,0,0,0,0,0,1,0,0,0,0,0,0,0,0,0,0
935,712,Brassed Off (1996),13-Jun-1997,0,0,0,0,0,1,0,0,1,0,0,0,0,0,1,0,0,0,0
936,713,"Thousand Acres, A (1997)",01-Jan-1997,0,0,0,0,0,0,0,0,1,0,0,0,0,0,0,0,0,0,0
938,714,Murder in the First (1995),01-Jan-1995,0,0,0,0,0,0,0,0,1,0,0,0,0,0,0,0,1,0,0
940,715,With Honors (1994),01-Jan-1994,0,0,0,0,0,1,0,0,1,0,0,0,0,0,0,0,0,0,0
941,716,What's Love Got to Do with It (1993),01-Jan-1993,0,0,0,0,0,0,0,0,1,0,0,0,0,0,0,0,0,0,0
942,717,Killing Zoe (1994),01-Jan-1994,0,0,0,0,0,0,0,0,0,0,0,0,0,0,0,0,1,0,0
943,718,Renaissance Man (1994),01-Jan-1994,0,0,0,0,0,1,0,0,1,0,0,0,0,0,0,0,0,1,0
944,719,Charade (1963),01-Jan-1963,0,0,0,0,0,1,0,0,0,0,0,0,0,1,1,0,1,0,0
945,720,"Fox and the Hound, The (1981)",01-Jan-1981,0,0,0,1,1,0,0,0,0,0,0,0,0,0,0,0,0,0,0
948,721,How to Make an American Quilt (1995),01-Jan-1995,0,0,0,0,0,0,0,0,1,0,0,0,0,0,1,0,0,0,0
949,722,Georgia (1995),01-Jan-1995,0,0,0,0,0,0,0,0,1,0,0,0,0,0,0,0,0,0,0
950,723,"Indian in the Cupboard, The (1995)",01-Jan-1995,0,0,1,0,1,0,0,0,0,1,0,0,0,0,0,0,0,0,0
951,724,Blue in the Face (1995),01-Jan-1995,0,0,0,0,0,1,0,0,0,0,0,0,0,0,0,0,0,0,0
954,725,Before Sunrise (1995),01-Jan-1995,0,0,0,0,0,0,0,0,1,0,0,0,0,0,1,0,0,0,0
955,726,Nobody's Fool (1994),01-Jan-1994,0,0,0,0,0,0,0,0,1,0,0,0,0,0,0,0,0,0,0
958,727,Dazed and Confused (1993),01-Jan-1993,0,0,0,0,0,1,0,0,0,0,0,0,0,0,0,0,0,0,0
960,728,Orlando (1993),01-Jan-1993,0,0,0,0,0,0,0,0,1,0,0,0,0,0,0,0,0,0,0
962,729,Some Folks Call It a Sling Blade (1993),01-Jan-1993,0,0,0,0,0,0,0,0,1,0,0,0,0,0,0,0,1,0,0
965,730,"Affair to Remember, An (1957)",01-Jan-1957,0,0,0,0,0,0,0,0,0,0,0,0,0,0,1,0,0,0,0
968,731,Winnie the Pooh and the Blustery Day (1968),01-Jan-1968,0,0,0,1,1,0,0,0,0,0,0,0,0,0,0,0,0,0,0
970,732,Mediterraneo (1991),01-Jan-1991,0,0,0,0,0,1,0,0,0,0,0,0,0,0,0,0,0,1,0
971,733,Passion Fish (1992),01-Jan-1992,0,0,0,0,0,0,0,0,1,0,0,0,0,0,0,0,0,0,0
973,734,Eye for an Eye (1996),01-Jan-1996,0,0,0,0,0,0,0,0,1,0,0,0,0,0,0,0,1,0,0
974,735,Fear (1996),12-Apr-1996,0,0,0,0,0,0,0,0,0,0,0,0,0,0,0,0,1,0,0
976,736,"Substitute, The (1996)",19-Apr-1996,0,1,0,0,0,0,0,0,0,0,0,0,0,0,0,0,0,0,0
978,737,"Trigger Effect, The (1996)",30-Aug-1996,0,0,0,0,0,0,0,0,1,0,0,0,0,0,0,0,1,0,0
983,738,Shadow Conspiracy (1997),31-Jan-1997,0,0,0,0,0,0,0,0,0,0,0,0,0,0,0,0,1,0,0
987,739,"Beautician and the Beast, The (1997)",07-Feb-1997,0,0,0,0,0,1,0,0,0,0,0,0,0,0,1,0,0,0,0
989,740,Anna Karenina (1997),04-Apr-1997,0,0,0,0,0,0,0,0,1,0,0,0,0,0,1,0,0,0,0
992,741,Hercules (1997),27-Jun-1997,0,0,1,1,1,1,0,0,0,0,0,0,1,0,0,0,0,0,0
994,742,"Kiss Me, Guido (1997)",01-Jan-1997,0,0,0,0,0,1,0,0,0,0,0,0,0,0,0,0,0,0,0
1006,743,Waiting for Guffman (1996),31-Jan-1997,0,0,0,0,0,1,0,0,0,0,0,0,0,0,0,0,0,0,0
1007,744,I Shot Andy Warhol (1996),01-May-1996,0,0,0,0,0,0,0,0,1,0,0,0,0,0,0,0,0,0,0
1008,745,Stealing Beauty (1996),14-Jun-1996,0,0,0,0,0,0,0,0,1,0,0,0,0,0,0,0,0,0,0
1009,746,Basquiat (1996),16-Aug-1996,0,0,0,0,0,0,0,0,1,0,0,0,0,0,0,0,0,0,0
1010,747,2 Days in the Valley (1996),27-Sep-1996,0,0,0,0,0,0,1,0,0,0,0,0,0,0,0,0,0,0,0
1011,748,Private Parts (1997),07-Mar-1997,0,0,0,0,0,1,0,0,1,0,0,0,0,0,0,0,0,0,0
1013,749,Romy and Michele's High School Reunion (1997),25-Apr-1997,0,0,0,0,0,1,0,0,0,0,0,0,0,0,0,0,0,0,0
1015,750,Con Air (1997),06-Jun-1997,0,1,1,0,0,0,0,0,0,0,0,0,0,0,0,0,1,0,0
1016,751,Trees Lounge (1996),11-Oct-1996,0,0,0,0,0,0,0,0,1,0,0,0,0,0,0,0,0,0,0
1017,752,Tie Me Up! Tie Me Down! (1990),01-Jan-1990,0,0,0,0,0,0,0,0,1,0,0,0,0,0,0,0,0,0,0
1018,753,"Die xue shuang xiong (Killer, The) (1989)",01-Jan-1989,0,1,0,0,0,0,0,0,0,0,0,0,0,0,0,0,1,0,0
1019,754,Gaslight (1944),01-Jan-1944,0,0,0,0,0,0,0,0,0,0,0,0,0,1,0,0,1,0,0
1020,755,8 1/2 (1963),01-Jan-1963,0,0,0,0,0,0,0,0,1,0,0,0,0,0,0,0,0,0,0
1021,756,"Fast, Cheap & Out of Control (1997)",01-Jan-1997,0,0,0,0,0,0,0,1,0,0,0,0,0,0,0,0,0,0,0
1024,757,Fire Down Below (1997),01-Jan-1997,0,1,0,0,0,0,0,0,1,0,0,0,0,0,0,0,1,0,0
1027,758,Grumpier Old Men (1995),01-Jan-1995,0,0,0,0,0,1,0,0,0,0,0,0,0,0,1,0,0,0,0
1034,759,Cool Runnings (1993),01-Jan-1993,0,0,0,0,0,1,0,0,0,0,0,0,0,0,0,0,0,0,0
1038,760,Hamlet (1996),24-Jan-1997,0,0,0,0,0,0,0,0,1,0,0,0,0,0,0,0,0,0,0
1040,761,Forget Paris (1995),01-Jan-1995,0,0,0,0,0,1,0,0,0,0,0,0,0,0,1,0,0,0,0
1041,762,Just Cause (1995),01-Jan-1995,0,0,0,0,0,0,0,0,0,0,0,0,0,1,0,0,1,0,0
1043,763,"Paper, The (1994)",01-Jan-1994,0,0,0,0,0,1,0,0,1,0,0,0,0,0,0,0,0,0,0
1045,764,Malice (1993),01-Jan-1993,0,0,0,0,0,0,0,0,0,0,0,0,0,0,0,0,1,0,0
1046,765,Multiplicity (1996),12-Jul-1996,0,0,0,0,0,1,0,0,0,0,0,0,0,0,0,0,0,0,0
1047,766,She's the One (1996),23-Aug-1996,0,0,0,0,0,1,0,0,0,0,0,0,0,0,1,0,0,0,0
1049,767,"Ghost and Mrs. Muir, The (1947)",01-Jan-1947,0,0,0,0,0,0,0,0,1,0,0,0,0,0,1,0,0,0,0
1050,768,"Associate, The (1996)",19-Oct-1996,0,0,0,0,0,1,0,0,0,0,0,0,0,0,0,0,0,0,0
1052,769,Now and Then (1995),01-Jan-1995,0,0,0,0,0,0,0,0,1,0,0,0,0,0,0,0,0,0,0
1058,770,Don't Be a Menace to South Central While Drinking Your Juice in the Hood (1996),01-Jan-1996,0,0,0,0,0,1,0,0,0,0,0,0,0,0,0,0,0,0,0
1059,771,"Adventures of Pinocchio, The (1996)",26-Jul-1996,0,0,1,0,1,0,0,0,0,0,0,0,0,0,0,0,0,0,0
1062,772,"Little Princess, A (1995)",01-Jan-1995,0,0,0,0,1,0,0,0,1,0,0,0,0,0,0,0,0,0,0
1064,773,Koyaanisqatsi (1983),01-Jan-1983,0,0,0,0,0,0,0,1,0,0,0,0,0,0,0,0,0,1,0
1066,774,Bottle Rocket (1996),21-Feb-1996,0,0,0,0,0,1,0,0,0,0,0,0,0,0,0,0,0,0,0
1069,775,Living in Oblivion (1995),01-Jan-1995,0,0,0,0,0,1,0,0,0,0,0,0,0,0,0,0,0,0,0
1072,776,Shallow Grave (1994),01-Jan-1994,0,0,0,0,0,0,0,0,0,0,0,0,0,0,0,0,1,0,0
1073,777,Reality Bites (1994),01-Jan-1994,0,0,0,0,0,1,0,0,1,0,0,0,0,0,0,0,0,0,0
1090,778,Pete's Dragon (1977),01-Jan-1977,0,0,1,1,1,0,0,0,0,0,0,0,1,0,0,0,0,0,0
1097,779,Flirting With Disaster (1996),22-Mar-1996,0,0,0,0,0,1,0,0,0,0,0,0,0,0,0,0,0,0,0
1100,780,Six Degrees of Separation (1993),01-Jan-1993,0,0,0,0,0,0,0,0,1,0,0,0,0,1,0,0,0,0,0
1108,781,Death and the Maiden (1994),01-Jan-1994,0,0,0,0,0,0,0,0,1,0,0,0,0,0,0,0,1,0,0
1109,782,Tank Girl (1995),01-Jan-1995,0,1,0,0,0,1,0,0,0,0,0,0,1,0,0,1,0,0,0
1114,783,Twelfth Night (1996),25-Oct-1996,0,0,0,0,0,1,0,0,1,0,0,0,0,0,1,0,0,0,0
1117,784,Up in Smoke (1978),01-Jan-1978,0,0,0,0,0,1,0,0,0,0,0,0,0,0,0,0,0,0,0
1118,785,Some Kind of Wonderful (1987),01-Jan-1987,0,0,0,0,0,0,0,0,1,0,0,0,0,0,1,0,0,0,0
1125,786,"Old Man and the Sea, The (1958)",01-Jan-1958,0,0,1,0,0,0,0,0,1,0,0,0,0,0,0,0,0,0,0
1128,787,Chungking Express (1994),16-Feb-1996,0,0,0,0,0,0,0,0,1,0,0,0,0,1,1,0,0,0,0
1132,788,Escape to Witch Mountain (1975),01-Jan-1975,0,0,1,0,1,0,0,0,0,1,0,0,0,0,0,0,0,0,0
1133,789,Get on the Bus (1996),16-Oct-1996,0,0,0,0,0,0,0,0,1,0,0,0,0,0,0,0,0,0,0
1134,790,"Doors, The (1991)",01-Jan-1991,0,0,0,0,0,0,0,0,1,0,0,0,1,0,0,0,0,0,0
1135,791,Ghosts of Mississippi (1996),20-Dec-1996,0,0,0,0,0,0,0,0,1,0,0,0,0,0,0,0,0,0,0
1136,792,Beautiful Thing (1996),09-Oct-1996,0,0,0,0,0,0,0,0,1,0,0,0,0,0,1,0,0,0,0
1141,793,When We Were Kings (1996),14-Feb-1997,0,0,0,0,0,0,0,1,0,0,0,0,0,0,0,0,0,0,0
1148,794,Walkabout (1971),20-Dec-1971,0,0,0,0,0,0,0,0,1,0,0,0,0,0,0,0,0,0,0
1151,795,In Love and War (1996),24-Jan-1997,0,0,0,0,0,0,0,0,0,0,0,0,0,0,1,0,0,1,0
1159,796,Love! Valour! Compassion! (1997),16-May-1997,0,0,0,0,0,0,0,0,1,0,0,0,0,0,1,0,0,0,0
1169,797,Spanking the Monkey (1994),01-Jan-1994,0,0,0,0,0,1,0,0,1,0,0,0,0,0,0,0,0,0,0
1187,798,Young Guns II (1990),01-Jan-1990,0,1,0,0,0,1,0,0,0,0,0,0,0,0,0,0,0,0,1
1193,799,Once Were Warriors (1994),01-Jan-1994,0,0,0,0,0,0,1,0,1,0,0,0,0,0,0,0,0,0,0
1196,800,"Family Thing, A (1996)",23-Mar-1996,0,0,0,0,0,1,0,0,1,0,0,0,0,0,0,0,0,0,0
1209,801,Virtuosity (1995),01-Jan-1995,0,0,0,0,0,0,0,0,0,0,0,0,0,0,0,1,1,0,0
1216,802,Assassins (1995),01-Jan-1995,0,0,0,0,0,0,0,0,0,0,0,0,0,0,0,0,1,0,0
1217,803,Friday (1995),01-Jan-1995,0,0,0,0,0,1,0,0,0,0,0,0,0,0,0,0,0,0,0
1219,804,Higher Learning (1995),01-Jan-1995,0,0,0,0,0,0,0,0,1,0,0,0,0,0,0,0,0,0,0
1220,805,When a Man Loves a Woman (1994),01-Jan-1994,0,0,0,0,0,0,0,0,1,0,0,0,0,0,0,0,0,0,0
1225,806,Night Falls on Manhattan (1997),16-May-1997,0,0,0,0,0,0,1,0,1,0,0,0,0,0,0,0,0,0,0
1227,807,Under Siege 2: Dark Territory (1995),01-Jan-1995,0,1,0,0,0,0,0,0,0,0,0,0,0,0,0,0,0,0,0
1239,808,Ghost in the Shell (Kokaku kidotai) (1995),12-Apr-1996,0,0,0,1,0,0,0,0,0,0,0,0,0,0,0,1,0,0,0
1243,809,Metro (1997),17-Jan-1997,0,1,0,0,0,0,0,0,0,0,0,0,0,0,0,0,0,0,0
1266,810,Clockers (1995),01-Jan-1995,0,0,0,0,0,0,0,0,1,0,0,0,0,0,0,0,0,0,0
